行業別大類,行業別中類,行業別小類,1月,2月,3月,4月,5月,6月,7月,8月,9月,10月,11月,12月 
A.農、林、漁、牧業,01 農、牧、狩獵,011 農藝及園藝,37344469,33655118,38438328,39695122,42940994,46497364,46786423,48266457,46097147,44441977,42186633,41819364
A.農、林、漁、牧業,01 農、牧、狩獵,012 農事服務,28869706,25144681,29626889,31881224,35867268,41864127,46209528,41712507,37514948,34767874,34866578,34427087
A.農、林、漁、牧業,01 農、牧、狩獵,013 畜牧業,44877856,41185027,47747284,49279072,54749994,63157890,63988033,68790633,65198903,60506711,52060456,50600232
A.農、林、漁、牧業,02 林業及伐木業,021 林業,199303,157766,187952,252128,311781,334075,353434,339822,331451,298697,221119,247796
A.農、林、漁、牧業,02 林業及伐木業,022 伐木及林產經營,151962,135900,155817,155566,158081,166576,167719,177136,166513,162921,151243,151554
A.農、林、漁、牧業,03 漁業,031 漁撈業,136794,126628,142156,137437,146728,150211,155597,153288,172104,161429,150054,154032
A.農、林、漁、牧業,03 漁業,032 水產養殖,75895572,68214998,76222061,78136300,83288827,90504880,91704401,96843778,95176459,89343920,87604577,83687634
A.農、林、漁、牧業,04 其他,,36242232,35384954,41343990,43915609,47537142,50811008,42172535,43184321,39637138,40444378,39737892,38068111
B.礦業及土石採取業,05 煤礦業,,86281,55515,62221,72772,97078,92940,93353,132652,107270,115090,98462,88209
B.礦業及土石採取業,06 石油、天然氣及地熱礦,,1575062,1356009,1787180,1533623,1737343,1650886,1731036,1706187,1684963,1649547,1598356,1765163
B.礦業及土石採取業,07 金屬礦業,,115880,85200,124800,114240,113580,111600,127580,124280,130380,103860,101020,108740
B.礦業及土石採取業,08 非金屬礦業,081 鹽業,126559,100499,133851,143237,168548,164971,179351,170468,178864,156611,135575,125691
B.礦業及土石採取業,08 非金屬礦業,082 化學及肥料礦,7835969,6706090,8457514,7131821,8549527,7238095,8697793,9160471,7911958,8764347,7811442,8531861
B.礦業及土石採取業,08 非金屬礦業,083 土礦業,846097,531534,695979,780890,891125,871183,908374,853845,964347,1136424,1148475,1103056
B.礦業及土石採取業,08 非金屬礦業,084 石礦業,4402983,2977944,4175509,3944227,4338117,4166245,4293438,4328760,3994793,4641332,4551833,4795107
B.礦業及土石採取業,08 非金屬礦業,089 其他非金屬礦,1274480,1033388,1250729,1138303,1284306,1227760,1325981,1328439,1403093,1657784,1648949,2036608
B.礦業及土石採取業,09 土石採取業,091 陸上土石採取,9815899,6484439,8864464,8499932,9121500,8159234,8558609,8512892,8861231,10062519,10041753,10829730
B.礦業及土石採取業,09 土石採取業,092 河海砂礫採取,3608652,2483154,3548314,3237344,3649654,3405781,3160236,3314578,3127939,3602711,3424736,3697253
B.礦業及土石採取業,09 土石採取業,099 其他土石採取,9375586,6904361,8585795,8194404,9054408,8355540,8547719,8358623,8372127,9559840,8995082,9597897
C.製造業,11 食品及飲料製造,111 屠宰業,17199206,14141809,17651146,17539792,20354832,19981801,20877345,20732751,19622697,19389880,18419904,17520263
C.製造業,11 食品及飲料製造,112 乳品製造,15247148,12629297,15958593,16408587,19248850,19053283,19868436,20094727,18487364,17320943,16997496,16319540
C.製造業,11 食品及飲料製造,113 罐頭、冷凍、脫水及醃漬食品製造,63750790,52500946,66074989,68885786,78979856,74573798,79477039,80993603,75943353,73765977,69790020,68714969
C.製造業,11 食品及飲料製造,114 糖果及麵食烘焙,30018889,24800864,30058653,30420627,35293528,35823450,38404273,39282696,34695702,33859285,32151142,31755645
C.製造業,11 食品及飲料製造,115 製油、製粉及碾穀,37103693,28868247,38033170,34030185,39378363,39745169,43578065,42183264,37562725,40385046,40100339,39525307
C.製造業,11 食品及飲料製造,116 製糖,5951916,3638431,5980654,5793548,5871045,4869038,5104634,5722097,5385266,5608952,5561988,5544503
C.製造業,11 食品及飲料製造,117 調味品製造,13400506,9900288,13641886,12783412,16546366,15345598,16313306,16167168,13694904,13819033,13038126,15316488
C.製造業,11 食品及飲料製造,118 飲料製造,37827308,29875512,40552569,39485925,48784517,50562497,52030746,53997772,46504294,43610977,40977951,38256581
C.製造業,11 食品及飲料製造,119 其他食品,93468758,76029845,93843609,95025619,110902047,110907535,117566399,119495102,112225414,108442318,104241407,102828932
C.製造業,12 菸草製造業,,3225246,2329651,3704545,3584466,4391729,4436929,4442795,4463907,3997900,3926514,4023283,3928584
C.製造業,13 紡織業,131 紡紗業,121505656,95692277,124842428,120627051,130827914,129418086,132331770,134726089,126217544,122774904,116235951,114984387
C.製造業,13 紡織業,132 織布業,84687901,65513846,84577990,80465868,84016214,82607126,85745275,90131748,85568464,91720938,79923142,78496495
C.製造業,13 紡織業,133 不織布業,21586072,16888105,22433514,22025929,24262970,23907154,24412095,23555439,22353787,21540264,20151580,19068534
C.製造業,13 紡織業,134 繩、纜、網、氈、毯製造,4212991,3028630,4822269,3315443,4377495,4443835,4587116,4802572,4463056,4250827,4035055,3963590
C.製造業,13 紡織業,135 印染整理,57373221,41581654,61360147,53985370,59780825,54745579,57092842,61800055,56100461,57660210,55163529,53003980
C.製造業,13 紡織業,139 其他紡織品製造,59399198,47934377,61588907,59295935,64001376,63241090,62876094,63391048,58074565,58700819,54469935,50439340
C.製造業,14 成衣、服飾品及其他紡織製品製造,141 梭織成衣,1691937,1410795,1748431,1798778,2015012,2059977,2214284,2286749,2102963,1949330,1769637,1762139
C.製造業,14 成衣、服飾品及其他紡織製品製造,142 針織成衣,9234387,7060615,9521650,9339158,10696772,10340862,11080482,11607576,10907191,10393204,9578553,9219586
C.製造業,14 成衣、服飾品及其他紡織製品製造,143 紡織帽製造,158102,152952,137574,166461,167385,193368,215610,226191,211271,190225,182850,174740
C.製造業,14 成衣、服飾品及其他紡織製品製造,144 紡織鞋製造,1271634,997172,1434948,1370168,1565291,1489640,1637073,1671235,1605812,1548101,1481146,1334111
C.製造業,14 成衣、服飾品及其他紡織製品製造,145 服飾品製造,3566359,2886451,3998651,3842639,4322861,4281695,4460727,4570343,4221038,4017553,3681206,3247119
C.製造業,14 成衣、服飾品及其他紡織製品製造,149 其他紡織製品製造,28019030,23241901,29563121,28970718,31849416,30679418,31002670,31524404,29531698,28709299,28710355,27406296
C.製造業,15 皮革、毛皮及其製品製造,,16135293,12201470,16996213,15569874,17714414,16827554,13601764,13591360,11418793,11454780,10620004,10679814
C.製造業,16 木竹製品製造,,19971849,15409135,19282309,18655302,20867757,20709727,21851879,22126174,20879572,21194193,20115236,19470645
C.製造業,17 家具及裝設品製造,171 非金屬家具及裝設品製造,2517752,1998011,2570894,2477648,3078158,3154412,3371405,3477395,3137490,3076432,2851919,2831466
C.製造業,17 家具及裝設品製造,172 金屬家具及裝設品製造,5715835,4170201,5800043,5510481,6489192,6268850,6629303,6719685,6260955,6420811,6231913,5767384
C.製造業,17 家具及裝設品製造,173 家具及裝設品表面塗裝,2560437,1781145,2452986,2391879,2921634,2855100,3064750,2994332,2818531,2847788,2674239,2478810
C.製造業,18 紙漿、紙及紙製品製造,181 紙漿製造業,33267502,23849532,32683787,32446784,32930014,33287311,34914942,31629838,30658596,32767822,31508791,31379794
C.製造業,18 紙漿、紙及紙製品製造,182 紙製造業,85489535,63323055,89209611,95139111,85153928,75918213,76728648,80295002,83083359,79175351,84342124,92870836
C.製造業,18 紙漿、紙及紙製品製造,183 加工紙製造業,5651176,4614868,6219954,5635576,5970814,5361395,5999020,6171737,5733358,6072548,6061522,5867624
C.製造業,18 紙漿、紙及紙製品製造,184 紙容器製造業,17518885,13278116,18492351,17454156,20522095,20954850,22019399,21206753,19884762,21256053,21042281,20554263
C.製造業,18 紙漿、紙及紙製品製造,189 其他紙製品製造業,14371629,10988677,15109696,14061096,15679937,14932536,15093841,15935367,14424070,15204287,14517263,14155546
C.製造業,19 印刷及有關事業合計,191 印刷業,34635775,26156887,33972537,33546924,40333437,39989633,42786013,44043846,40867337,40014769,38519801,35402756
C.製造業,19 印刷及有關事業合計,192 製版業,403063,316734,372893,422308,484143,508554,530396,608016,547192,539050,473928,427783
C.製造業,19 印刷及有關事業合計,193 裝訂及印刷工業,2316387,1805887,2317992,2410052,2815696,2856657,3021758,3025231,2979612,2979995,2740395,2375730
C.製造業,19 印刷及有關事業合計,194 印刷有關服務業,5079003,3490146,5075785,4659399,5322993,5127069,5457269,5550775,4985634,5042727,4957150,4638839
C.製造業,21 化學材料製造業,211 基本化學材料製造,139235144,132848019,150461805,147449746,166143662,149322289,152868376,149570104,145324581,147873789,142978057,129581807
C.製造業,21 化學材料製造業,212 人造纖維製造,261447905,229286523,277832565,276978535,282236358,276299495,290683177,284753337,271844300,281679905,275070796,271787208
C.製造業,21 化學材料製造業,213 合成樹脂、塑膠及橡膠製造,144484404,136055843,156537013,163273904,149723504,125500383,131396086,136250486,126292523,147624443,162272336,175367694
C.製造業,21 化學材料製造業,219 其他化學材料製造,81980428,72078994,85639194,84237560,90688654,86656110,92407665,93794515,92870877,94442561,89885872,91880505
C.製造業,22 化學製品製造業,221 塗料、漆料及相關產品製造,19109628,19405633,24732214,17220053,22369847,20478040,21840737,21727642,17767422,20807209,20092326,19700372
C.製造業,22 化學製品製造業,222 藥品製造,65977251,49934371,69981812,67243352,80208769,77251725,82281390,83692882,77162485,74840937,72122718,69806099
C.製造業,22 化學製品製造業,223 清潔用品製造,6980628,5698246,6972201,6713369,7720381,6999295,7629401,7651958,7172764,7239575,6815777,6725343
C.製造業,22 化學製品製造業,224 化妝品製造,8824179,6779431,8905995,9107178,10621853,10523851,11320322,11432528,10822441,10625455,10110406,9955860
C.製造業,22 化學製品製造業,229 其他化學製品製造,205805422,172820168,206758778,206931202,220236758,212908650,231871858,229891621,214602976,218618413,188487558,165900126
C.製造業,23 石油及煤製品製造業,231 石油煉製,153447084,146393682,150467698,137955046,159590066,161576174,174912845,172758612,154908349,160954034,157373114,157416233
C.製造業,23 石油及煤製品製造業,239 其他石油及煤製品製造,38692755,33746481,49724373,73577800,45619316,41372857,43390198,43784527,41440291,46119364,43835439,45117500
C.製造業,24 橡膠製品製造業,,101289591,78816102,106499351,96288674,110592019,100908750,106979157,107871517,99935516,101450823,98757144,95061952
C.製造業,25 塑膠製品製造業,,431600294,337997640,432831097,408389204,460923181,447371885,461071408,467903741,430369195,436288265,420079216,418214076
C.製造業,26 非金屬礦物製品製造業,261 陶瓷器及其製品製造,27930821,14114828,24886270,26966178,29380491,28628743,29523620,30192833,27350144,27996407,27419306,27956374
C.製造業,26 非金屬礦物製品製造業,262 玻璃及玻璃製品製造,221078438,190932769,222020349,214997342,230074586,220959610,223367016,229795396,221626193,226886233,219486437,222789235
C.製造業,26 非金屬礦物製品製造業,263 水泥及水泥製品製造,140602711,113309517,124325081,134041844,135893926,124569157,133023404,122717777,125938735,140223983,135929317,139836373
C.製造業,26 非金屬礦物製品製造業,264 耐火材料製造,4008824,2567546,4111275,3707712,4004713,3885559,3795958,3644548,3723697,3921692,3817834,3946079
C.製造業,26 非金屬礦物製品製造業,265 石材製品製造,15537232,9817791,14958984,14463057,15940427,15048481,15982096,16072374,14337557,15160724,15180167,15246737
C.製造業,26 非金屬礦物製品製造業,269 其他非金屬礦物製品製造,37079751,27051184,38203178,36813787,40092799,38366801,38287079,38109795,36577062,37832985,36756020,37428113
C.製造業,27 金屬基本工業,271 鋼鐵基本工業,978400937,775489330,1008824143,933809946,974724695,911853732,912105724,932742553,883513844,972982233,934734743,927846301
C.製造業,27 金屬基本工業,272 鋁基本工業,54807400,43257203,53349660,50961824,56170506,51121994,55890333,55342173,51610069,54705348,51454098,51360102
C.製造業,27 金屬基本工業,273 銅基本工業,39251045,33394898,40449559,38277847,42183268,40045544,40229248,40635007,38330830,39417736,37403881,36984735
C.製造業,27 金屬基本工業,279 其他非鐵金屬基本工業,9126414,6967917,9047926,8749082,10271275,10302037,10769311,10835773,10092518,10411838,9744051,8965615
C.製造業,28 金屬製品製造業,281 金屬手工具製造,24714874,18904215,24392738,23460149,26369714,26016611,27240988,27954430,25483335,25866630,24643533,24186960
C.製造業,28 金屬製品製造業,282 金屬模具製造,45492118,35820568,44027675,44033078,49397116,50419733,52471061,53389155,50328246,49230609,46090095,44540182
C.製造業,28 金屬製品製造業,283 金屬建築結構及組件製造,20128393,14922070,20248307,18991128,20620194,20016383,20610896,21229491,19845590,20506277,19468369,19128443
C.製造業,28 金屬製品製造業,284 鋁銅製品製造,63560726,48578831,64757097,52655234,67637284,65368025,68298842,69491065,63347359,66293516,62175291,60553175
C.製造業,28 金屬製品製造業,285 粉末冶金、表面及金屬熱處理業,97412653,72121072,97633594,92269149,101228880,97398401,100733633,101836385,94521079,97359683,94655706,93660703
C.製造業,28 金屬製品製造業,289 其他金屬製品製造,391700836,306052847,392214911,374667000,412173422,407154417,425181558,428391500,401909169,406098825,383899392,377280026
C.製造業,29 機械設備製造修配業,291 鍋爐及原動機製造修配,7985383,6040491,8417921,8215826,9724442,9402804,9807043,9665657,9129535,9373604,8931517,8538366
C.製造業,29 機械設備製造修配業,292 農業及園藝機械製造修配,2477181,1831299,2476147,2342925,2775936,2779825,2867951,2954896,2742069,2674383,2444258,2355285
C.製造業,29 機械設備製造修配業,293 金屬加工用機械製造修配,51267213,38937878,50934031,49378681,56447070,56926725,58820555,60114691,56370876,55706932,53842052,53849332
C.製造業,29 機械設備製造修配業,294 專用生產機械製造修配,14506208,10808499,15063193,14535168,17332398,17162947,18306649,18133395,16878323,16564211,15392851,14856443
C.製造業,29 機械設備製造修配業,295 建築及礦業機械設備製造修配,2682194,1953138,2705267,2509247,2830700,2516129,2822303,2927518,2697978,2658164,2578697,2217606
C.製造業,29 機械設備製造修配業,296 事務機器製造,1629593,1282619,1670225,1534329,1738448,1746893,1831870,1910464,1174382,1087982,1023066,962410
C.製造業,29 機械設備製造修配業,297 污染防治設備製造修配,5506773,4053640,5443436,5034676,5484406,5272148,5692519,5639356,5203255,5336598,5176565,5265076
C.製造業,29 機械設備製造修配業,298 通用機械設備製造修配,4723795,3705004,4809005,4828909,5661994,5799248,6065931,6340413,5906514,5752854,5227374,5011671
C.製造業,29 機械設備製造修配業,299 其他機械製造修配,101944599,76194974,102626521,97827894,114645087,112962872,118270629,118730714,109812387,107742446,101489364,96471548
C.製造業,31 電力及電子機械器材製造修配業,311 電力機械器材製造修配,68873112,51773030,69693268,65862014,74136473,65541641,76176379,74538253,65191377,65517022,65777791,64972408
C.製造業,31 電力及電子機械器材製造修配業,312 家用電器製造,27249473,22835760,28118439,27682987,31698365,30626120,32014950,30891421,29350087,28472249,26982018,25633535
C.製造業,31 電力及電子機械器材製造修配業,313 照明設備製造,9214441,7753292,9142476,8547362,10007461,10678996,11527773,11204454,10870480,10304812,9769251,8686319
C.製造業,31 電力及電子機械器材製造修配業,314 資料儲存及處理設備製造,398111217,351677782,398710919,390884766,415278638,405025140,427542436,425445981,410554485,409642563,395688923,400867302
C.製造業,31 電力及電子機械器材製造修配業,315 視聽電子產品製造,34089517,29650261,35727731,35516768,39704240,37486591,39887143,40013350,36220849,34774239,33670613,28305884
C.製造業,31 電力及電子機械器材製造修配業,316 通信機械器材製造,72198023,60296722,74874377,73508062,80852641,77126024,81623086,82689172,77495683,74274742,72464485,68368584
C.製造業,31 電力及電子機械器材製造修配業,317 電子零組件製造,2861498848,2521173700,2929993820,2890707751,3130483651,3054477204,3189523917,3211136428,3062128620,3053520106,2939667802,2937811037
C.製造業,31 電力及電子機械器材製造修配業,318 電池製造,36886875,29853525,36907592,34905151,38811411,34257332,35429106,35970080,32797599,31846100,29549867,28842552
C.製造業,31 電力及電子機械器材製造修配業,319 其他電力及電子機械器材製造修配,504674359,444102180,510336902,499780492,536568734,517840724,540041277,541400479,513016405,498235671,476598365,481511818
C.製造業,32 運輸工具製造修配業,321 船舶及其零件製造修配,19778572,16167898,19900977,19613382,21629891,20959000,21492524,22570580,20905231,21781302,20459156,20962653
C.製造業,32 運輸工具製造修配業,322 鐵路車輛及其零件製造修配,1980029,1567797,1965892,1912298,2382996,2431380,2538103,2652247,2362804,2284376,2183051,2183303
C.製造業,32 運輸工具製造修配業,323 汽車及其零件製造,110005880,79276762,112586318,102589836,123247614,117204828,123036642,116766685,109091768,111190684,105265191,100201942
C.製造業,32 運輸工具製造修配業,324 機車及其零件製造,15227825,10926059,16950723,15221947,18626946,17598426,18456139,18152854,16621450,16529923,15133096,11947800
C.製造業,32 運輸工具製造修配業,325 自行車及其零件製造,12686960,9387405,12501382,11242050,13779107,13500249,14066190,14347091,12859754,13070111,12823143,11983341
C.製造業,32 運輸工具製造修配業,326 航空器及其零件製造修配,26403301,20343574,27632244,26074983,32166071,30989040,33966266,34255811,31651418,30612016,28682292,26895616
C.製造業,32 運輸工具製造修配業,329 其他運輸工具及其零件製造修配,20762232,15771340,21372948,19850895,23563719,22994132,23994218,23864133,21777847,21181353,21153959,19285463
C.製造業,33 精密器械製造業,331 科學、光學及工業精密器械製造,123616699,108514055,132281891,133877367,150201266,145656651,157461612,153639376,150897864,152391619,143911920,145337865
C.製造業,33 精密器械製造業,332 鐘錶製造,1975824,1587539,2038689,2040188,2407361,2258750,2405905,2362841,2173868,2114433,1956891,1795284
C.製造業,33 精密器械製造業,333 醫療機械器材設備製造,10192924,7859448,10749153,10546932,12980335,12902213,13604407,14425319,13204753,13163434,13245392,12372931
C.製造業,33 精密器械製造業,339 其他精密器械製造,15624603,12995521,17568617,17753864,20687152,20060455,20538878,20960228,19511782,19628307,18102574,17435272
C.製造業,39 其他工業製品製造業,391 育樂用品製造,12367187,9317162,12594538,11948445,14185236,13986038,14865197,14985640,13289162,13838377,13334653,12552972
C.製造業,39 其他工業製品製造業,399 其他工業製品製造,72817563,62539199,82097017,72575291,78978173,75811817,79283850,80555637,76340516,85500855,68991356,75137131
D.水、電、燃氣業,41 電力供應業,,54303015,7462969,9839787,7693715,7532261,8503730,6297132,6143743,6640568,5624223,5449533,7199065
D.水、電、燃氣業,42 氣體燃料供應業,,62447485,55274388,63818702,60471331,64499719,62229966,65963065,66289261,63117314,67360208,61564797,62360736
D.水、電、燃氣業,43 蒸氣、熱水及熱能供應業,,3739579,12058410,4144977,2138544,2062212,2793835,3164749,2905985,3197165,3573495,3316468,3308893
D.水、電、燃氣業,44 用水供應業,,109113256,97508444,110993830,108269834,112227493,109094933,109530875,106363677,102241573,107148510,104286827,109293095
E.營造業,45 土木工程業,,9819670,8341753,9155794,8458142,9054967,8249336,8762481,8915661,8560748,8903705,8804651,9023666
E.營造業,46 建築工程業,,24614012,22153819,22622323,23967595,24735417,26629962,30228745,32565751,32006312,31840161,23993615,24022829
E.營造業,47 機電、電路及管道工程業,,943707,3807219,950993,970286,1191054,1189472,1211872,1235625,1086763,1131068,1121636,1100233
E.營造業,48 建物裝潢業,,41411,38541,37003,43668,40517,51186,51348,55434,52668,53028,47942,44829
E.營造業,49 其他營造業,,7917026,7442216,7868727,8015099,8302830,8318241,8957534,9165343,9350674,8938563,8000767,7550046
F.批發、零售及餐飲業,51 批發業,511 綜合商品批發,27943012,25100239,29189539,30189395,34224300,34512599,36466935,36723687,35273296,33112320,30847130,30762356
F.批發、零售及餐飲業,51 批發業,512 農、畜、水產品批發,8877415,7844533,9285967,9795608,11204480,11608795,12094889,12219463,11652133,10817121,9961185,9532761
F.批發、零售及餐飲業,51 批發業,513 食品什貨批發,4653107,4172245,4689594,4989903,5539537,6017032,6273962,6476793,6250560,5524800,5078062,4938583
F.批發、零售及餐飲業,51 批發業,514 布疋、衣著、服飾品批發,1509447,1356320,1482097,1601362,1762545,2054588,2198717,2178400,2096732,1897635,1689720,1628281
F.批發、零售及餐飲業,51 批發業,515 家具及室內裝設品批發,499999,484780,585400,618370,771960,835872,902642,986421,915851,855681,707605,645238
F.批發、零售及餐飲業,51 批發業,516 五金及家庭日常用品批發,3134794,2736307,3350271,3619346,3862504,4118744,4266812,4303295,4127780,3899103,3631116,3596894
F.批發、零售及餐飲業,51 批發業,517 化學製品批發,535847,412028,523708,510704,559895,575049,576470,592890,539639,549843,539163,554076
F.批發、零售及餐飲業,51 批發業,518 藥品、化妝品批發,628743,535327,610376,668899,791107,903775,975036,1021411,972883,886205,785773,727005
F.批發、零售及餐飲業,52 批發業,521 文教、育樂用品批發,628625,539287,635863,707277,853627,960116,1028837,1052356,1040086,949982,829503,833261
F.批發、零售及餐飲業,52 批發業,522 鐘錶、眼鏡批發,293313,259991,286855,315333,367229,413971,430438,442697,427030,395632,339433,327130
F.批發、零售及餐飲業,52 批發業,523 建材批發,603859,543298,660415,701285,764578,789733,866745,868090,918883,839078,814147,814080
F.批發、零售及餐飲業,52 批發業,524 燃料批發,825282,792788,903022,922128,946365,1028116,973385,951523,1062588,977858,1037830,1107417
F.批發、零售及餐飲業,52 批發業,525 機械器具批發,329238,288387,325102,376153,403498,469307,529416,544106,504776,452544,430661,432639
F.批發、零售及餐飲業,52 批發業,526 汽機車、自行車及其零件、配備批發,1370064,1173946,1369895,1493910,1677663,1837955,2047481,1969105,1924237,1676816,1416286,1296458
F.批發、零售及餐飲業,52 批發業,527 首飾及貴金屬批發,73039,65803,71969,77191,86010,102493,107028,110832,110071,99701,89593,87707
F.批發、零售及餐飲業,52 批發業,528 攝影器材批發,103629,91983,106365,115517,142905,159525,167628,169532,154295,136794,121233,110570
F.批發、零售及餐飲業,52 批發業,529 其他批發,3297188,2961513,3256473,3416021,3756681,3973566,4093391,4192960,4065656,3775933,3530922,3491676
F.批發、零售及餐飲業,53 零售業,531 綜合商品零售,227740230,202826491,236263730,246570980,279521260,289170647,305780606,309970379,294707291,274132828,257306161,252887102
F.批發、零售及餐飲業,53 零售業,532 農、畜、水產品零售,10250231,9098696,10738600,11327794,12142605,12685628,13406151,13530238,13012485,12101734,11282207,10844469
F.批發、零售及餐飲業,53 零售業,533 食品什貨零售,16483824,14682038,16527074,18066590,20250273,22219280,23224572,23783061,23321494,21707721,19312454,18893600
F.批發、零售及餐飲業,53 零售業,534 布疋、衣著、服飾品零售,8323810,7165272,8224078,9001579,10600285,12263731,12966772,13342103,12912152,11672815,10042164,9615951
F.批發、零售及餐飲業,53 零售業,535 家具及室內裝設品零售,1305997,1154127,1355853,1522924,2230111,2430123,2611693,2668212,2493133,2187030,1982347,1879096
F.批發、零售及餐飲業,53 零售業,536 五金及家庭日常用品零售,3340476,3041658,3339571,3623363,4252917,4881789,5142810,5319725,5100697,4680508,4154467,3898461
F.批發、零售及餐飲業,53 零售業,537 化學製品零售,147003,124822,138157,138483,152363,151640,147591,149590,150976,150905,150905,138793
F.批發、零售及餐飲業,53 零售業,538 藥品、化妝品零售,2510828,2235532,2516876,2820000,3273994,3860533,4063574,4215360,4130385,3814389,3263314,3153330
F.批發、零售及餐飲業,54 零售業,541 文教、育樂用品零售,3286175,2909199,3300142,3676367,4328136,4915232,5226210,5388019,5221685,4757451,4125626,3913308
F.批發、零售及餐飲業,54 零售業,542 鐘錶、眼鏡零售,1401187,1233012,1353304,1545180,1777047,2097150,2173995,2251640,2181982,2000901,1686377,1635248
F.批發、零售及餐飲業,54 零售業,543 建材零售,287668,250893,267904,293933,309903,348341,344249,323435,367674,353963,298837,265079
F.批發、零售及餐飲業,54 零售業,544 燃料零售,3323121,2937467,3395251,3319311,3475220,3589756,3584504,3639277,3546001,3474707,3420138,3441201
F.批發、零售及餐飲業,54 零售業,545 機械器具零售,704377,627552,698281,755589,884309,967723,1024823,1041502,933644,878221,770362,750907
F.批發、零售及餐飲業,54 零售業,546 汽機車、自行車及其零件、配備零售,2844927,2472581,2776043,3161577,3919131,4551959,4784005,4991082,4778933,4286988,3661575,3410904
F.批發、零售及餐飲業,54 零售業,547 首飾及貴金屬零售,495581,431810,466529,518231,647669,765013,809152,827701,797679,726357,609059,574230
F.批發、零售及餐飲業,54 零售業,548 攝影器材零售,129814,114620,119393,136552,161974,212888,226781,237864,226174,196028,150266,138713
F.批發、零售及餐飲業,55 零售業,551 中古商品零售,81275,79615,79681,95169,102425,121149,124801,132047,118968,114824,107630,173987
F.批發、零售及餐飲業,55 零售業,559 其他零售,13108903,11743947,13155614,14109124,15853305,16962631,17323930,17617566,16792051,15833181,13926386,13526374
F.批發、零售及餐飲業,56 國際貿易業,,8174506,6252295,8913531,8776251,11539515,11402024,12581396,12848360,11205744,10020776,9305687,8454085
F.批發、零售及餐飲業,57 餐飲業,571 餐館業,67906379,60516743,70823207,75044693,86752633,96932609,102041093,104185019,101269801,92528758,81804074,80342826
F.批發、零售及餐飲業,57 餐飲業,572 茶館及飲料店業,5334176,4888229,5668470,6102932,6980515,7937950,8222638,8480215,8141093,7585470,6616533,6398190
F.批發、零售及餐飲業,57 餐飲業,579 其他餐飲業,13447066,12132989,14089599,15001621,17100309,19134686,20027497,20485213,19748315,18159714,15992866,15498675
G.運輸、倉儲及通信業,61 運輸業,611 陸上運輸業,152156200,159366294,180333664,183097696,199366723,197970156,206887966,208230878,200543008,194976273,188874050,187785891
G.運輸、倉儲及通信業,61 運輸業,612 水上運輸業,1903658,1565155,1945023,2073941,2517966,2051552,2351249,2325378,2301455,2198526,2172472,2279403
G.運輸、倉儲及通信業,61 運輸業,613 航空運輸業,27585090,23904227,29565668,30751790,38048439,38814136,41596620,41521352,38439494,34635304,32481455,31395095
G.運輸、倉儲及通信業,61 運輸業,614 儲配運輸物流業,6420375,5704032,6679838,6584158,8509536,8231432,8906206,9144021,8271285,7543179,7039486,6438641
G.運輸、倉儲及通信業,61 運輸業,615 運輸服務業,8989361,7725748,9453956,10190132,11985571,12284547,12941185,13143133,12505277,11716077,10942016,10356161
G.運輸、倉儲及通信業,61 運輸業,616 運輸服務業,3490274,2955252,3691872,3948049,4564941,5338088,5664943,5572634,5270788,4761805,4439971,4275864
G.運輸、倉儲及通信業,62 倉儲業,,67382472,57597458,66718362,71529552,81503895,83770538,88618365,89806967,85055292,80311201,75910677,74164964
G.運輸、倉儲及通信業,63 通信業,631 郵政業,4086247,3320999,4540455,4814731,6410821,6532188,7193090,7244250,6660750,5841719,5177304,4721341
G.運輸、倉儲及通信業,63 通信業,632 電信業,99278759,88165429,102965639,102799499,113729976,114801259,119805537,120118472,114581977,110018061,105091304,104389939
H.金融、保險及不動產業,65 金融及其輔助業,651 銀行業,31892668,26312681,32306907,33767659,40738387,43832319,48100852,49505705,45378353,41900151,37967545,36815552
H.金融、保險及不動產業,65 金融及其輔助業,652 信用合作社業,1551795,1330216,1479307,1688429,1970563,2325260,2461287,2553726,2391693,2197594,1962162,2204767
H.金融、保險及不動產業,65 金融及其輔助業,653 農會、漁會信用業,2573475,2186512,2629175,2872837,3608875,3986970,4232578,4368714,4110382,3697052,3252554,3016357
H.金融、保險及不動產業,65 金融及其輔助業,654 信託投資業,1179824,950570,1286244,1288204,1611258,1628975,1491008,1518084,1394174,1233182,1148079,1105935
H.金融、保險及不動產業,65 金融及其輔助業,655 郵政儲金匯兌業,951015,773592,1074935,1133824,1767861,1770872,1906656,1932380,1737000,1532859,1342907,1186087
H.金融、保險及不動產業,65 金融及其輔助業,659 其他金融及其輔助業,4923469,4032439,5254826,5287050,6460124,6340813,6994899,7023053,6281023,5766257,5491567,5187520
H.金融、保險及不動產業,66 證券及期貨業,661 證券業,5012866,4338863,4861179,5522222,6066449,6570652,6915934,7007404,6659684,6115322,5602046,5511332
H.金融、保險及不動產業,66 證券及期貨業,662 期貨業,57233,50707,57536,67166,75108,87085,87814,91794,89984,80888,70300,68975
H.金融、保險及不動產業,67 保險業,671 人身保險業,13174515,10220234,13932166,13643888,16931943,16733054,18132425,18271838,16840981,16125906,15040684,13828885
H.金融、保險及不動產業,67 保險業,672 財產保險業,2464647,2025991,2542841,2513044,2951634,2919598,3113791,3147760,2867954,2776032,2632801,2197643
H.金融、保險及不動產業,67 保險業,673 社會保險業,169064,135446,179016,178478,220091,228225,245126,254573,221243,207466,195673,183584
H.金融、保險及不動產業,67 保險業,674 保險輔助業,6063,5502,5816,7600,7902,10432,10647,11424,11430,9702,8413,8631
H.金融、保險及不動產業,67 保險業,675 再保險業,0,0,0,0,0,0,0,0,0,0,0,0
H.金融、保險及不動產業,67 保險業,679 其他保險業,197200,175936,182279,218405,233817,270714,292460,293608,283791,321782,294258,290258
H.金融、保險及不動產業,68 不動產業,681 不動產經營業,897249,784934,870139,992285,1161150,1336436,1421634,1501264,1417057,1230224,1070624,1257646
H.金融、保險及不動產業,68 不動產業,682 市場及展示場管理業,1070975,907838,1160625,1268966,1480428,1567735,1702643,1701041,1652025,1507533,1339818,1229344
I.工商服務業,71 法律及會計服務業,711 法律服務業,237301,196114,152537,169708,204251,223150,234778,237474,216377,195464,159887,145725
I.工商服務業,71 法律及會計服務業,712 會計服務業,29834,28097,31370,32134,40174,54323,53005,59367,58250,49506,37623,36573
I.工商服務業,72 建築及工程技術服務業,,1226498,961395,1282285,1271872,1566599,1593062,1782811,1812544,1592172,1453466,1390036,1290412
I.工商服務業,73 商品經紀業,,5653329,4617946,6005000,5813569,7093316,6977935,7605949,7313221,6667165,5911130,5777677,5369687
I.工商服務業,74 顧問服務業,,263419,233694,267325,279956,313208,321449,355253,360365,327541,301966,273625,278423
I.工商服務業,75 資訊服務業,,39985716,37315047,43186377,44261247,49997175,50115452,52866312,54391902,53297248,54846593,54514844,55320758
I.工商服務業,76 廣告業,,198273,170235,168910,198381,211494,261021,263746,263822,256565,235753,227883,235915
I.工商服務業,77 設計業,,52922,50484,52647,62819,64408,68259,65957,68310,63070,57798,60625,62334
I.工商服務業,78 租賃業,781 機械設備租賃業,277614,222028,277308,279719,319106,331432,386499,390386,346659,292794,273001,267061
I.工商服務業,78 租賃業,782 運輸工具設備租賃業,155790,105990,137553,147553,174023,179192,182180,200889,188673,173015,158394,167678
I.工商服務業,78 租賃業,783 物品租賃業,118906,113654,115278,121680,122698,150169,167528,171733,167896,161315,134675,133289
I.工商服務業,79 其他工商服務業,,86728990,74717128,87456856,91831296,106266533,109226068,115502664,118608122,111283228,103596635,96836624,94351564
J.社會服務及個人服務業,81 環境衛生及污染防治服務業,,39841894,35571193,39541740,42153576,44215866,43433858,45074584,45486567,43000633,45062623,42489656,43681144
J.社會服務及個人服務業,82 社會服務業,821 教育訓練服務業,197650843,139649080,226756888,238823367,336815635,320774837,258601050,253507369,300860780,276906844,251094278,232268444
J.社會服務及個人服務業,82 社會服務業,822 學術研究服務業,32502883,26765073,33774652,34365740,41643948,41564876,43781730,43984644,40133488,37271866,37346088,35369112
J.社會服務及個人服務業,82 社會服務業,823 醫療保健服務業,215913316,183969402,230446605,240014199,289074447,290325116,306961085,307703564,289131855,265068466,244513440,233085018
J.社會服務及個人服務業,82 社會服務業,824 社會福利服務業,7089772,6583432,7197094,7209654,9494328,10459125,11288635,11416880,10411616,8776648,7619486,7439976
J.社會服務及個人服務業,82 社會服務業,825 人民團體,6041632,5250555,6443147,6674295,8063944,8532558,9510586,9688491,8979300,7828798,6970632,6633906
J.社會服務及個人服務業,82 社會服務業,829 其他社會服務業,10582898,9203468,10622544,11371042,14138987,15252557,15947608,16204900,15235368,13404480,12135231,11598280
J.社會服務及個人服務業,83 出版業,831 新聞出版業,3788021,3132075,3856964,3823750,4349526,4282181,4602284,4610855,4260628,4128776,3953161,3943742
J.社會服務及個人服務業,83 出版業,832 雜誌(含期刊)出版業,840749,810018,847077,936527,934283,1049728,1046757,1050077,1059039,927010,890988,938033
J.社會服務及個人服務業,83 出版業,833 書籍出版業,371244,316484,337187,401947,464485,576547,591997,614371,575434,515566,458918,436168
J.社會服務及個人服務業,83 出版業,839 其他出版業,267057,224158,275184,269052,425741,438626,348433,422758,432555,316767,311413,278492
J.社會服務及個人服務業,84 電影事業,841 電影片製作業,192798,168177,187855,205497,230095,251956,257808,268178,266544,220092,213144,190799
J.社會服務及個人服務業,84 電影事業,842 電影片發行業,0,0,0,0,0,0,0,0,0,0,0,0
J.社會服務及個人服務業,84 電影事業,843 電影片放映業,3832917,3450879,4210396,4489185,5324293,5444717,5727590,5901651,5433630,4733343,4308861,4139431
J.社會服務及個人服務業,84 電影事業,844 電影工業,518040,419060,536320,549460,655960,666080,716200,695820,629200,563520,539620,530000
J.社會服務及個人服務業,85 廣播電視業,851 廣播業,3296933,2995236,3486886,3334954,3572597,3601810,3749631,3770042,3575420,3486874,3310523,3287140
J.社會服務及個人服務業,85 廣播電視業,852 電視業,8520419,7213208,8712961,8571926,9640512,9544427,9939689,9891133,9311766,8955619,8680640,8554418
J.社會服務及個人服務業,85 廣播電視業,853 廣播電視節目供應業,1843429,1570630,1904289,1918192,2127998,2098017,2213014,2196782,2068928,1995165,1955124,1922971
J.社會服務及個人服務業,86 藝文業,861 技藝表演業,556526,458775,646312,676395,869967,903967,956497,979046,908185,768421,702981,677374
J.社會服務及個人服務業,86 藝文業,862 文學及藝術業,1208203,968995,1474852,1628144,2035008,2119873,2224471,2109964,2207130,2046334,1768545,1682361
J.社會服務及個人服務業,86 藝文業,863 藝文服務業,3703889,3097835,4130755,4474483,5554812,5669523,6330075,6552178,6051695,5622269,5135772,4761817
J.社會服務及個人服務業,87 娛樂業,,45624970,40912468,47812984,51703499,60511674,64199914,69675394,70123054,64861016,58959381,53366308,52334676
J.社會服務及個人服務業,88 旅館業,,130294503,118926901,141356849,147856049,172301271,180296984,192048916,195175497,182536489,166643447,154072308,152072575
J.社會服務及個人服務業,89 個人服務業,891 汽車服務業,11773934,10336908,11754234,12408963,14298537,15408826,16462915,17003739,16157142,14926394,13390609,13050989
J.社會服務及個人服務業,89 個人服務業,892 修理服務業,1766003,1633709,1943583,2059072,2602844,2795988,3024522,3104951,2851404,2538986,2282166,2084820
J.社會服務及個人服務業,89 個人服務業,893 洗染業,3154750,2838145,3220712,3318762,3438578,3471343,3756846,3886031,3770035,3510572,3501065,3528580
J.社會服務及個人服務業,89 個人服務業,894 家事服務業,120148,109714,122818,129370,141915,160317,178115,181675,166446,148400,130684,142644
J.社會服務及個人服務業,89 個人服務業,899 其他個人服務業,18835262,17197025,19661948,21276435,24237810,26644717,27720632,28381189,27113222,24686962,22396918,21837569
K.公共行政業,91 公務機構及國防事業,911 公務機構,119996364,101898204,129050945,134414467,166888354,165475958,177335967,180469075,166453221,154906992,141874936,132468602
K.公共行政業,91 公務機構及國防事業,912 國防事業,69231955,57893847,71679390,72749717,95251992,94342068,102029434,102573545,94386415,84654841,77196611,73050883
K.公共行政業,92 國際機構及外國駐在機構,國際機構及外國駐在機構,2020535,1765332,2205011,2216933,2826324,1761656,1888914,1937912,1711195,1503124,1466582,1297479
X.其他不能歸類之行業,93 家庭用(住宅用),家庭用(住宅用),214174690,194827517,223272815,227715814,235424579,247131162,265179543,270717845,267731814,245834923,232058031,231463568
X.其他不能歸類之行業,94 其他不能歸類之行業,其他不能歸類之行業,211286646,187470440,212092820,229207470,255018824,270739965,285439090,279930541,273617246,254857359,241883215,237324534
