行業別大類,行業別中類,行業別小類,1月,2月,3月,4月,5月,6月,7月,8月,9月,10月,11月,12月
A.農、林、漁、牧業,01 農、牧、狩獵,011 農藝及園藝,35451310,31652201,35421259,35859325,41541044,43087789,46249083,47517893,44831495,42994594,41693384,38835462
A.農、林、漁、牧業,01 農、牧、狩獵,012 農事服務,27189299,23549113,26553831,28897108,34801130,38086858,44349489,40035129,35835359,34486714,33897293,31894552
A.農、林、漁、牧業,01 農、牧、狩獵,013 畜牧業,39283690,36939192,40614894,41597054,49815017,53050524,58747257,61510469,58628233,53828527,49930011,44478254
A.農、林、漁、牧業,02 林業及伐木業,021 林業,200603,165537,187887,195378,239138,257035,263579,256586,247817,225831,215388,204910
A.農、林、漁、牧業,02 林業及伐木業,022 伐木及林產經營,127292,112824,121650,127819,156726,166741,183719,179702,188199,157696,161319,142781
A.農、林、漁、牧業,03 漁業,031 漁撈業,120932,113659,128953,138020,145165,146465,161193,161951,158748,150456,160991,155404
A.農、林、漁、牧業,03 漁業,032 水產養殖,74174774,65279566,69977660,66990790,79205336,81580268,90728851,93879285,94925565,83827375,83058349,78575898
A.農、林、漁、牧業,04 其他,,35386664,33683632,38559515,36657074,42474574,44222595,44178744,46141389,42209138,37596608,39069776,36824838
B.礦業及土石採取業,05 煤礦業,,72994,61563,82042,109186,98133,115627,117178,115882,99451,95511,89533,101883
B.礦業及土石採取業,06 石油、天然氣及地熱礦,,1386394,1277408,1344957,1400740,1604230,1490346,1620732,1757147,1607791,1920902,1695760,1580157
B.礦業及土石採取業,07 金屬礦業,,134648,97790,139902,135823,140550,138461,126608,133314,126101,120388,137728,132042
B.礦業及土石採取業,08 非金屬礦業,081 鹽業,106635,91468,112135,144644,165895,165514,169978,173900,155011,175817,133033,120689
B.礦業及土石採取業,08 非金屬礦業,082 化學及肥料礦,7042474,5850599,7763776,7181395,8431384,8727239,7920986,9159679,8188486,8725991,8098786,8286864
B.礦業及土石採取業,08 非金屬礦業,083 土礦業,662018,515747,692442,695534,806003,758136,713175,758708,724481,799922,830879,763110
B.礦業及土石採取業,08 非金屬礦業,084 石礦業,8205970,5292619,7553835,7036603,7606639,7371673,7438263,7503284,6563676,7141328,7351096,7950042
B.礦業及土石採取業,08 非金屬礦業,089 其他非金屬礦,1047290,803087,938805,935488,969285,1019999,1110207,1163403,907237,1086716,1317814,1620514
B.礦業及土石採取業,09 土石採取業,091 陸上土石採取,8706242,5805453,8119684,8049262,8854027,7819830,7979562,8469983,6734206,8202195,8575993,9636489
B.礦業及土石採取業,09 土石採取業,092 河海砂礫採取,3670833,2560712,3574291,3532993,3766151,3493623,3174396,3538699,2756766,3243883,3611342,3748054
B.礦業及土石採取業,09 土石採取業,099 其他土石採取,7612752,5726471,7714197,7685349,7904059,7203648,7791689,8272010,6852113,8096249,8298946,8678728
C.製造業,11 食品及飲料製造,111 屠宰業,15984319,13219507,15950536,16832840,18736734,18843550,19949291,20300833,19143832,19303248,18238731,17926661
C.製造業,11 食品及飲料製造,112 乳品製造,14942742,12204530,15240054,16295478,18354096,18724706,20018434,20247529,18025753,18482366,16638030,15989848
C.製造業,11 食品及飲料製造,113 罐頭、冷凍、脫水及醃漬食品製造,61273145,51819212,61938231,66396795,76538236,74222895,78040055,79502170,72595776,73546596,68185310,66676832
C.製造業,11 食品及飲料製造,114 糖果及麵食烘焙,28919963,23146495,27834720,29509489,34010686,35765334,38552312,38757301,33807335,34394913,32614043,31553783
C.製造業,11 食品及飲料製造,115 製油、製粉及碾穀,38602894,30070752,37458999,36737331,39563293,40613918,43964711,42766367,36962113,40759580,40923746,39188068
C.製造業,11 食品及飲料製造,116 製糖,6384313,4220709,6401629,6727353,7020534,6053922,6341224,6607581,5805300,6305721,5340602,6882006
C.製造業,11 食品及飲料製造,117 調味品製造,14262796,10795950,15947911,16246553,16276797,16684177,16385600,16124817,13969346,15292514,15372716,12349870
C.製造業,11 食品及飲料製造,118 飲料製造,36265170,29332078,37362863,47955585,47554448,49599358,51949670,52778993,43407782,43485408,40860401,38093301
C.製造業,11 食品及飲料製造,119 其他食品,82793485,67773033,81346652,85463045,100573001,103883217,110553534,112666799,103585742,104698808,99589713,95826744
C.製造業,12 菸草製造業,,1978912,1616379,2390030,2678004,3311681,3336561,3379750,4279302,3571561,3958654,3902268,3840929
C.製造業,13 紡織業,131 紡紗業,140970902,113043115,147905565,144488978,157549318,148171023,155350683,157283000,144271109,149049499,139749799,139935163
C.製造業,13 紡織業,132 織布業,79329308,62380204,80502014,79637988,84717477,81210570,85871703,90215204,84295373,90832484,86976537,89144914
C.製造業,13 紡織業,133 不織布業,19390140,15489041,19331359,18957829,21022973,20312994,20927328,21837570,20331946,21774777,19767507,19692746
C.製造業,13 紡織業,134 繩、纜、網、氈、毯製造,4070431,3100264,4046678,4037499,4478286,4331260,4490247,4962547,4055973,4081126,4113279,4132305
C.製造業,13 紡織業,135 印染整理,56923360,42620290,64580057,59445496,59913182,57767348,59204119,64255491,58943147,59947833,58417377,59401855
C.製造業,13 紡織業,139 其他紡織品製造,63466715,53499441,67096967,65641081,68527419,63927880,67838761,69141694,63366904,67229371,62922651,60008058
C.製造業,14 成衣、服飾品及其他紡織製品製造,141 梭織成衣,1858392,1519636,1846320,1830630,1983721,1992909,2170399,2385307,2253811,2182084,1934443,1899377
C.製造業,14 成衣、服飾品及其他紡織製品製造,142 針織成衣,9459871,7781578,9847539,9811632,10347932,10557052,11288307,12039645,10872787,10608569,10182947,9850856
C.製造業,14 成衣、服飾品及其他紡織製品製造,143 紡織帽製造,173858,155171,144322,171443,196862,194227,235829,239990,237461,207183,202220,178048
C.製造業,14 成衣、服飾品及其他紡織製品製造,144 紡織鞋製造,1086256,858684,1232937,1220923,1364100,1399598,1430263,1599159,1427880,1418906,1378131,1246020
C.製造業,14 成衣、服飾品及其他紡織製品製造,145 服飾品製造,3864381,3067733,4013994,4040084,4408576,4321731,4338725,4586322,4196408,4072936,3979848,3753375
C.製造業,14 成衣、服飾品及其他紡織製品製造,149 其他紡織製品製造,28042591,22908902,29325271,30669962,31712888,30866157,31698465,32264188,29805180,30930422,30055936,30350997
C.製造業,15 皮革、毛皮及其製品製造,,16303620,12836149,17369180,17306489,17505076,17300933,17745416,19101501,16849734,17823095,17424417,16155357
C.製造業,16 木竹製品製造,,19849546,15596631,20646743,19857307,21505589,21104262,22102445,23416067,20450328,21149781,21204710,20964041
C.製造業,17 家具及裝設品製造,171 非金屬家具及裝設品製造,2578358,1897100,2602356,2533329,2875219,2821360,3032341,3191246,2914613,2874112,2705088,2620770
C.製造業,17 家具及裝設品製造,172 金屬家具及裝設品製造,5802781,4348640,5832462,5763496,6493950,6508227,6507753,7030878,6047081,6347605,6360068,6250030
C.製造業,17 家具及裝設品製造,173 家具及裝設品表面塗裝,2171928,1527499,2176999,2145558,2446667,2514806,2686668,2780838,2481527,2463131,2593290,2479966
C.製造業,18 紙漿、紙及紙製品製造,181 紙漿製造業,28708554,28914888,35673110,37011509,34114875,38575449,35704561,31100140,33664935,37728026,36005862,32475388
C.製造業,18 紙漿、紙及紙製品製造,182 紙製造業,83177516,72946542,84980141,89855878,83940897,89082044,81125210,89398174,77530256,82167976,78322220,83500830
C.製造業,18 紙漿、紙及紙製品製造,183 加工紙製造業,5104702,3874466,5268981,5149081,5419739,5145542,5409384,5795036,5134672,5222406,5982519,5826069
C.製造業,18 紙漿、紙及紙製品製造,184 紙容器製造業,15682768,11772358,16111207,15827707,17042102,17082708,17576964,18274965,16710878,17360084,17305921,17913690
C.製造業,18 紙漿、紙及紙製品製造,189 其他紙製品製造業,14251471,10530387,14738060,14437867,15335313,15011931,14990993,15826859,14194924,15117364,15213390,14989542
C.製造業,19 印刷及有關事業合計,191 印刷業,34519304,26146659,34249154,35934391,41325769,42452809,44578722,46199182,42373386,42307004,41137390,38656912
C.製造業,19 印刷及有關事業合計,192 製版業,752085,593491,485956,489979,530030,500339,534229,595711,622404,554113,565390,511391
C.製造業,19 印刷及有關事業合計,193 裝訂及印刷工業,2611472,1988592,2360311,2666596,3129653,3293405,3440273,3459221,3193676,3335265,3082476,2917204
C.製造業,19 印刷及有關事業合計,194 印刷有關服務業,4945865,3835760,5210832,5155837,5549779,5610104,5537877,5894387,5440132,5591088,5559259,5453667
C.製造業,21 化學材料製造業,211 基本化學材料製造,136667490,135598713,150882550,151101254,143868013,147782489,156449610,153301081,142858366,149555857,138402608,135146294
C.製造業,21 化學材料製造業,212 人造纖維製造,244449323,215477208,256258389,268797147,274007630,265342395,273887920,265032643,256108927,291766677,260883239,270475662
C.製造業,21 化學材料製造業,213 合成樹脂、塑膠及橡膠製造,115752355,106781419,144790164,157700655,144537674,122025313,127319000,133116522,116581532,143492812,159166618,123810468
C.製造業,21 化學材料製造業,219 其他化學材料製造,74663589,68453355,80024518,79673817,82611231,78816837,83632267,84182301,80185426,84207591,83425367,82544151
C.製造業,22 化學製品製造業,221 塗料、漆料及相關產品製造,30176643,24172518,27727645,31680568,32160836,34353225,33402154,31045604,28756506,32381328,29091817,31158372
C.製造業,22 化學製品製造業,222 藥品製造,57747652,43854985,61445918,62712457,70924556,70467065,72922052,75538397,67590286,70317772,66518437,66059031
C.製造業,22 化學製品製造業,223 清潔用品製造,7128306,5630317,7200192,7249982,7753977,7836300,7950485,7820143,7110696,7482695,7387601,6930391
C.製造業,22 化學製品製造業,224 化妝品製造,7594402,6041138,7741066,7962690,9214094,9559162,9920757,10130798,9116126,9436947,8942337,8600175
C.製造業,22 化學製品製造業,229 其他化學製品製造,147976524,146174511,158027318,184856358,174629814,174235234,176409844,183107512,165677869,180282605,175484916,170480332
C.製造業,23 石油及煤製品製造業,231 石油煉製,146429847,148362500,164879022,154304181,161195969,163143008,168896469,165810962,156777783,148551693,138143850,149989540
C.製造業,23 石油及煤製品製造業,239 其他石油及煤製品製造,34286519,31277803,39049422,49867529,50500329,42875287,43086029,44750945,37317777,43231069,42432293,41357624
C.製造業,24 橡膠製品製造業,,95779705,76724723,101345815,93827003,105712678,102818348,103370550,104496524,93974267,102122015,102004061,97120805
C.製造業,25 塑膠製品製造業,,404148075,319294178,418503574,412282810,437670012,435642777,449589681,467282473,417940930,433838169,435271722,438416584
C.製造業,26 非金屬礦物製品製造業,261 陶瓷器及其製品製造,29071974,13566873,28245821,28429528,30424520,28328595,28980372,29562528,25941885,27796584,26125143,27134912
C.製造業,26 非金屬礦物製品製造業,262 玻璃及玻璃製品製造,196247571,179630898,199810934,203187252,218290441,217482288,225804584,230245930,220473084,228470802,216407048,223805250
C.製造業,26 非金屬礦物製品製造業,263 水泥及水泥製品製造,140691604,113783573,140242105,133904054,138584892,125134049,134069314,134435863,119339175,136379708,141109706,152965207
C.製造業,26 非金屬礦物製品製造業,264 耐火材料製造,3828672,2676275,3684465,3677983,3902089,3695415,3837508,3609442,3675802,3968177,4000887,4217434
C.製造業,26 非金屬礦物製品製造業,265 石材製品製造,17823570,11937663,17831543,17262126,17879132,17473929,17798419,17992333,15610875,16258867,16630701,17661698
C.製造業,26 非金屬礦物製品製造業,269 其他非金屬礦物製品製造,37868793,26510270,39092088,38560915,41411373,39492748,39191161,40477791,35019783,37457980,37308076,38656030
C.製造業,27 金屬基本工業,271 鋼鐵基本工業,903715344,721998261,893632853,870629686,945097058,829920580,881509547,854896332,757807311,915401444,882796491,966030364
C.製造業,27 金屬基本工業,272 鋁基本工業,51581072,44478640,54814446,47649807,60240832,54964826,57673215,59140091,50963270,56050151,56296655,56997802
C.製造業,27 金屬基本工業,273 銅基本工業,38196787,58813046,39984455,35076969,40260526,40247709,40923151,42073995,38509223,41209219,40048121,40828099
C.製造業,27 金屬基本工業,279 其他非鐵金屬基本工業,7948616,5725335,8412774,8290856,9163615,9069428,9358421,9814849,8941855,9075284,9525627,9258570
C.製造業,28 金屬製品製造業,281 金屬手工具製造,21872102,16918605,22664562,22098156,24684484,24612867,25173604,26112580,23488405,23649155,24207131,23913483
C.製造業,28 金屬製品製造業,282 金屬模具製造,40402435,31372143,40502056,40974168,47389989,47528847,49147229,51554873,46527949,45861155,45989263,44744925
C.製造業,28 金屬製品製造業,283 金屬建築結構及組件製造,17941292,14366086,19061313,18497480,20677444,19570513,20240067,20508177,19048821,19531593,19501075,20237644
C.製造業,28 金屬製品製造業,284 鋁銅製品製造,59105728,46227578,61935361,58648464,64282901,63955015,64574225,67997620,57894600,64675368,65289491,66362409
C.製造業,28 金屬製品製造業,285 粉末冶金、表面及金屬熱處理業,88939650,66801575,92585253,89741118,95987372,93495187,96330761,98980024,89513757,93296532,93751272,96595727
C.製造業,28 金屬製品製造業,289 其他金屬製品製造,334181940,266367573,349501775,346903744,377678769,373577131,382329265,397200361,359963787,367124176,369850039,378221644
C.製造業,29 機械設備製造修配業,291 鍋爐及原動機製造修配,6898438,5495410,7856672,7890106,9030683,9048735,9408923,9566645,8349268,8945496,8774566,8405166
C.製造業,29 機械設備製造修配業,292 農業及園藝機械製造修配,2059603,1705389,2305244,2037587,2415495,2349986,2365330,2647179,2197672,2304482,2442877,2282417
C.製造業,29 機械設備製造修配業,293 金屬加工用機械製造修配,42130028,32483577,44004561,44525420,49425926,49141834,51178877,54498141,48672439,48731815,49107011,49338468
C.製造業,29 機械設備製造修配業,294 專用生產機械製造修配,13868234,10453023,14731226,14666482,16199785,16230524,16808798,17617493,15357047,15589437,14888771,14639402
C.製造業,29 機械設備製造修配業,295 建築及礦業機械設備製造修配,2525628,1658170,2794556,2395206,2801512,2632591,2937936,2815513,2503640,2468305,2721859,2628516
C.製造業,29 機械設備製造修配業,296 事務機器製造,1671361,1396582,1721939,1870122,1893290,2002415,2124087,2223995,1918976,1956304,1843774,1805291
C.製造業,29 機械設備製造修配業,297 污染防治設備製造修配,4128999,3274778,4581464,4540731,4878057,4811637,4918655,5069353,4402466,4668469,4406866,4665151
C.製造業,29 機械設備製造修配業,298 通用機械設備製造修配,3822377,3058242,4087414,4269157,5051918,5236961,5488449,5936497,5213568,5032093,4716870,4599374
C.製造業,29 機械設備製造修配業,299 其他機械製造修配,84812707,64608847,90913094,88587897,100784529,112395682,95811938,108770121,99067919,101256404,100341096,98327609
C.製造業,31 電力及電子機械器材製造修配業,311 電力機械器材製造修配,65460883,51271245,70121516,70581370,72339266,71704724,72980067,73494809,63246292,70421699,68183447,65496745
C.製造業,31 電力及電子機械器材製造修配業,312 家用電器製造,27114701,23337504,27725729,28022716,31572786,31611065,32889468,32514819,30254288,30853446,28771910,28492233
C.製造業,31 電力及電子機械器材製造修配業,313 照明設備製造,8107608,6306508,8054625,7390983,9809800,10251030,10070513,10240188,9361684,9758711,9624934,8757534
C.製造業,31 電力及電子機械器材製造修配業,314 資料儲存及處理設備製造,371874190,342217152,387934535,393559583,411828391,417288367,429415442,431942626,408510704,419477543,393461215,399581447
C.製造業,31 電力及電子機械器材製造修配業,315 視聽電子產品製造,45328808,42525710,50155099,54138649,39136317,39269881,41148344,40807307,38847869,39104560,36836385,35446696
C.製造業,31 電力及電子機械器材製造修配業,316 通信機械器材製造,69547729,59478015,72024987,73504480,79402854,79346662,83451435,84788176,79320547,82975841,78011243,76575783
C.製造業,31 電力及電子機械器材製造修配業,317 電子零組件製造,2480624631,2249258079,2556458711,2663582826,2792889839,2779942085,2913269274,2945699349,2804852584,2890127299,2727462874,2775125180
C.製造業,31 電力及電子機械器材製造修配業,318 電池製造,43217320,37578591,44035264,43097642,44072079,44054283,45494659,41167077,36784169,41885421,41421946,40849056
C.製造業,31 電力及電子機械器材製造修配業,319 其他電力及電子機械器材製造修配,488144314,420493446,494208169,497247983,527558442,518338096,539059632,539333400,515003620,525335620,502425228,512851709
C.製造業,32 運輸工具製造修配業,321 船舶及其零件製造修配,21307892,18894276,22415051,23084204,23449734,24034940,24937928,25598875,21746507,24648506,24132234,22812692
C.製造業,32 運輸工具製造修配業,322 鐵路車輛及其零件製造修配,1996204,1538043,1952397,1886145,2218748,2283540,2396327,2523721,2205428,2212985,2050442,2001467
C.製造業,32 運輸工具製造修配業,323 汽車及其零件製造,98644598,75420426,105534296,98948467,115715977,116675849,118144223,116994304,105818163,113365101,109017498,107232766
C.製造業,32 運輸工具製造修配業,324 機車及其零件製造,14386428,11701944,16168116,16160242,18771369,18825342,19700865,21105573,17377749,18525840,17006177,14735220
C.製造業,32 運輸工具製造修配業,325 自行車及其零件製造,12004850,8981669,12451864,12002653,13645556,13659370,13798913,14540757,12624261,13248143,12806428,12570266
C.製造業,32 運輸工具製造修配業,326 航空器及其零件製造修配,22749091,19022451,24205778,25661633,29100228,30207883,31330414,32405263,28803974,27841586,26317334,24683690
C.製造業,32 運輸工具製造修配業,329 其他運輸工具及其零件製造修配,18129929,14146752,19217575,18352397,21384183,21910144,22194095,22453776,19909885,20608032,20245913,19966327
C.製造業,33 精密器械製造業,331 科學、光學及工業精密器械製造,99405334,84191692,100702918,105880943,114036682,114018605,118539756,120103998,114393214,111914516,110065606,110698500
C.製造業,33 精密器械製造業,332 鐘錶製造,1998114,1650745,2094717,2169184,2327444,2419679,2430488,2562540,2281661,2250113,2108259,2049721
C.製造業,33 精密器械製造業,333 醫療機械器材設備製造,7627400,5965441,8253687,8672317,9844693,10039659,10181584,10594581,9309527,9604067,9221080,8783036
C.製造業,33 精密器械製造業,339 其他精密器械製造,13060179,10639313,13372652,13494165,14931234,15370649,15670404,16425942,15183476,15222802,15498875,15356452
C.製造業,39 其他工業製品製造業,391 育樂用品製造,11431172,8307439,11483128,11533222,13002441,12595682,13102823,14057639,12118671,12553089,11978160,11575905
C.製造業,39 其他工業製品製造業,399 其他工業製品製造,67084896,61035679,73669402,70984417,75336816,74037632,75024234,76990460,70628835,73971432,72064645,72475807
D.水、電、燃氣業,41 電力供應業,,53168201,-5082392,8284420,12336446,10401662,6974350,5687024,5696767,7693036,12745634,6332926,6300916
D.水、電、燃氣業,42 氣體燃料供應業,,37304222,34339188,32553319,36666157,41574514,40663892,43147685,43648801,41718650,46097779,38153197,43200671
D.水、電、燃氣業,43 蒸氣、熱水及熱能供應業,,2628182,9045703,-1969492,2182075,2732347,2356829,2764507,2931650,2264742,2099902,2223484,2579577
D.水、電、燃氣業,44 用水供應業,,97781797,93382225,101004314,96093880,103740127,102195292,105478205,105179402,97549051,104579838,103677705,106933078
E.營造業,45 土木工程業,,11035938,9993091,11257633,10680941,11152407,10836664,11118476,10999700,10310103,11241192,10309493,10135291
E.營造業,46 建築工程業,,28279586,23897364,25646967,26647618,30753144,30402918,33424276,33761145,31959861,31659367,30666061,28991952
E.營造業,47 機電、電路及管道工程業,,1361078,2508813,1403332,1345961,1510567,1541976,1520632,2516287,1712713,1689319,1521755,1395507
E.營造業,48 建物裝潢業,,43616,37269,38735,42283,55143,59396,66469,63201,62629,66907,62276,56397
E.營造業,49 其他營造業,,6854490,5794805,6456106,6095193,6858605,6869854,7660325,8068681,7861735,7581608,6935485,6366567
F.批發、零售及餐飲業,51 批發業,511 綜合商品批發,29404121,27057090,29652490,32594272,36628942,37310362,39644308,39931852,36688911,36391273,32888052,31705883
F.批發、零售及餐飲業,51 批發業,512 農、畜、水產品批發,8621486,7505674,8624119,9179899,10833934,11134241,11914726,12012799,11126129,10928497,9969147,9284696
F.批發、零售及餐飲業,51 批發業,513 食品什貨批發,5079135,4281881,4682685,4911907,6073556,6236310,6545589,6660680,6291288,6035799,5686820,5236073
F.批發、零售及餐飲業,51 批發業,514 布疋、衣著、服飾品批發,1706731,1383003,1557081,1656878,2123319,2271669,2517733,2544748,2499279,2330222,2165262,1942112
F.批發、零售及餐飲業,51 批發業,515 家具及室內裝設品批發,526008,409675,490967,521943,664340,716086,773007,793187,747024,708057,643014,589081
F.批發、零售及餐飲業,51 批發業,516 五金及家庭日常用品批發,2908609,2556378,2905307,3314190,3802517,3942654,4183507,4276178,4078203,4072325,3759225,3600395
F.批發、零售及餐飲業,51 批發業,517 化學製品批發,571535,425903,547793,561322,609208,596560,603974,635740,532707,549559,570696,535948
F.批發、零售及餐飲業,51 批發業,518 藥品、化妝品批發,697335,588178,657113,680534,883319,950431,1024880,1086034,1021792,939382,923921,834824
F.批發、零售及餐飲業,52 批發業,521 文教、育樂用品批發,696827,569391,642977,695305,953032,1049357,1160856,1209962,1149621,1074312,988973,843164
F.批發、零售及餐飲業,52 批發業,522 鐘錶、眼鏡批發,323176,264420,293115,300947,410213,428300,474718,488147,469238,441498,410061,361900
F.批發、零售及餐飲業,52 批發業,523 建材批發,632240,474210,579189,627434,682950,740204,779084,794692,782414,774027,732310,717314
F.批發、零售及餐飲業,52 批發業,524 燃料批發,885802,815964,967784,926628,991408,1088609,1208172,1086795,1106404,999824,908270,911702
F.批發、零售及餐飲業,52 批發業,525 機械器具批發,345938,273910,299917,334686,414955,459418,500255,512898,494036,445216,415809,364994
F.批發、零售及餐飲業,52 批發業,526 汽機車、自行車及其零件、配備批發,1425127,1061024,1209190,1326848,1797565,1945692,2223125,2299337,2132834,2117097,1993600,1718848
F.批發、零售及餐飲業,52 批發業,527 首飾及貴金屬批發,84485,69567,81517,83110,106434,111237,125037,124680,121617,110018,111872,101177
F.批發、零售及餐飲業,52 批發業,528 攝影器材批發,142134,118997,120877,138758,157578,183802,188665,186382,175568,162880,144146,127574
F.批發、零售及餐飲業,52 批發業,529 其他批發,3004150,2377937,2585094,2852913,3543237,3668101,3874061,4088323,3896878,3768720,3678982,3405153
F.批發、零售及餐飲業,53 零售業,531 綜合商品零售,234910404,211340132,231880959,251553642,292648561,301089716,321180032,323836186,302078732,303522455,272813156,258132543
F.批發、零售及餐飲業,53 零售業,532 農、畜、水產品零售,9952168,8552387,9762078,10510584,12583772,12811431,13716325,14654700,13842051,13474056,12330300,11542407
F.批發、零售及餐飲業,53 零售業,533 食品什貨零售,17640658,14962181,16423763,17512417,22242804,22788055,24667898,25371510,24524648,23575982,21899882,19770522
F.批發、零售及餐飲業,53 零售業,534 布疋、衣著、服飾品零售,9876074,8114666,8945841,9369646,12746142,13532676,15168499,15654785,14811589,13862707,12996901,11230374
F.批發、零售及餐飲業,53 零售業,535 家具及室內裝設品零售,1403464,1181932,1321157,1486108,1850273,1860512,2049487,2166555,2044922,1940397,1715001,1489605
F.批發、零售及餐飲業,53 零售業,536 五金及家庭日常用品零售,3723710,3056443,3324506,3551519,4721070,4967530,5546530,5626786,5427985,5013291,4636956,4158670
F.批發、零售及餐飲業,53 零售業,537 化學製品零售,154903,138412,156138,148964,185757,166017,174876,186427,182405,163204,159568,161316
F.批發、零售及餐飲業,53 零售業,538 藥品、化妝品零售,2630874,2158079,2407465,2512660,3438770,3655590,4191464,4364319,4183809,3895781,3702610,3194860
F.批發、零售及餐飲業,54 零售業,541 文教、育樂用品零售,3580285,2944421,3264482,3483435,4705524,5032227,5568725,5784554,5558166,5224883,4822543,4213263
F.批發、零售及餐飲業,54 零售業,542 鐘錶、眼鏡零售,1651910,1388053,1503344,1585236,2133096,2256368,2500268,2572162,2456949,2258004,2088850,1802094
F.批發、零售及餐飲業,54 零售業,543 建材零售,303427,245057,279735,278920,333808,356561,378042,382740,362631,344003,369024,319595
F.批發、零售及餐飲業,54 零售業,544 燃料零售,3420482,2967073,3406168,3239258,3673286,3479010,3763702,3876290,3721162,3585052,3563613,3473571
F.批發、零售及餐飲業,54 零售業,545 機械器具零售,755249,632239,720639,762614,965039,986486,1084146,1119113,1028403,947647,895514,827339
F.批發、零售及餐飲業,54 零售業,546 汽機車、自行車及其零件、配備零售,2908887,2291565,2622623,2904117,4091409,4425708,5042868,5166862,4801593,4545969,4230285,3631363
F.批發、零售及餐飲業,54 零售業,547 首飾及貴金屬零售,621565,537664,569542,630959,813923,887679,1008221,1039865,937962,834183,772452,662071
F.批發、零售及餐飲業,54 零售業,548 攝影器材零售,166252,142361,150876,158467,221782,251923,297283,314934,291854,258730,229935,187984
F.批發、零售及餐飲業,55 零售業,551 中古商品零售,96374,89190,89282,101280,120686,123988,134325,138660,140768,129742,129981,130697
F.批發、零售及餐飲業,55 零售業,559 其他零售,13422091,12009106,13016144,14133329,16712222,17469127,18913048,19371805,18398089,17575522,16260603,15130770
F.批發、零售及餐飲業,56 國際貿易業,,8559022,6727112,8803007,9609773,11376949,12251890,12795098,13440022,11322699,11125886,9836495,9092907
F.批發、零售及餐飲業,57 餐飲業,571 餐館業,68161428,58126188,64733297,67280610,88395828,92820148,102992442,105463980,100547858,96547717,89299905,79546612
F.批發、零售及餐飲業,57 餐飲業,572 茶館及飲料店業,5397114,4584616,5061250,5281922,6995445,7306640,8170515,8402060,8016064,7639606,7236421,6343276
F.批發、零售及餐飲業,57 餐飲業,579 其他餐飲業,14310585,12275219,13582967,14174551,18501872,19292999,21271861,21780228,20848526,19824549,18313169,16181478
G.運輸、倉儲及通信業,61 運輸業,611 陸上運輸業,168131013,158724642,168759853,178994098,188395264,192115283,200819705,205071483,189214933,193078862,178544245,182994255
G.運輸、倉儲及通信業,61 運輸業,612 水上運輸業,1703876,1519981,1630764,1949088,1936435,2314792,2245656,2291927,2125975,2105557,1803313,1961168
G.運輸、倉儲及通信業,61 運輸業,613 航空運輸業,27812131,25301155,28170763,31219195,35685119,37068893,39631419,40480273,42905234,27407197,30443319,29526286
G.運輸、倉儲及通信業,61 運輸業,614 儲配運輸物流業,5922911,5189304,5832263,6209905,7103936,7641282,8120415,8429607,7549284,7442093,6916262,6795069
G.運輸、倉儲及通信業,61 運輸業,615 運輸服務業,8681463,7832902,8831612,10236580,11536547,12357425,13101252,13015531,11969963,11986483,10136443,9469657
G.運輸、倉儲及通信業,61 運輸業,616 運輸服務業,2576516,2467746,2845340,3477131,3625998,4440461,5479476,5614891,5236718,4990964,4327773,3957822
G.運輸、倉儲及通信業,62 倉儲業,,60702085,52435829,59906194,65342591,74603860,75521682,80362617,81566379,76684025,76557486,70452651,67335266
G.運輸、倉儲及通信業,63 通信業,631 郵政業,4088725,3453155,4309873,5156467,6470477,7054644,7411410,7733202,6740158,6679117,5644431,4929363
G.運輸、倉儲及通信業,63 通信業,632 電信業,101192122,92371077,102600438,105568218,115387607,116099136,121068461,121260708,115438841,114971698,107688312,105766005
H.金融、保險及不動產業,65 金融及其輔助業,651 銀行業,32440033,27064761,31710897,34086279,41314709,44498698,46436243,48719888,44280573,42420450,39477686,36608013
H.金融、保險及不動產業,65 金融及其輔助業,652 信用合作社業,1715784,1400867,1511410,1652783,2246003,2440938,2663983,2739857,2654387,2351672,2243380,1957449
H.金融、保險及不動產業,65 金融及其輔助業,653 農會、漁會信用業,2579819,2153519,2427200,2782502,3592443,4014060,4381210,4571370,4215559,3974486,3601996,3173881
H.金融、保險及不動產業,65 金融及其輔助業,654 信託投資業,1525839,1267031,1429206,1387342,1670546,1760125,1847962,1936698,1720416,1727694,1518775,1355937
H.金融、保險及不動產業,65 金融及其輔助業,655 郵政儲金匯兌業,979103,783146,977419,1310214,1722163,1874726,1973322,2097713,1810674,1758465,1448926,1171762
H.金融、保險及不動產業,65 金融及其輔助業,659 其他金融及其輔助業,4893291,4336040,5295697,5796767,6453228,6752539,7118186,7306925,6485040,6505753,5768965,5506384
H.金融、保險及不動產業,66 證券及期貨業,661 證券業,6024676,4976826,5663868,6242817,7562900,7958705,8368938,8726936,8123475,7664248,7164088,6667552
H.金融、保險及不動產業,66 證券及期貨業,662 期貨業,63749,50346,56278,61640,85115,85501,93971,99139,90955,87443,82109,70149
H.金融、保險及不動產業,67 保險業,671 人身保險業,12943029,10730811,13523545,21814790,9865658,17726816,18438868,19232887,16884908,16564944,15522703,14709760
H.金融、保險及不動產業,67 保險業,672 財產保險業,2453793,2071860,2489414,2597030,2916982,3028451,3158622,3326345,2975842,2959873,2802038,2738614
H.金融、保險及不動產業,67 保險業,673 社會保險業,180702,145508,184404,190684,227380,242472,254185,271716,238930,225175,217380,209680
H.金融、保險及不動產業,67 保險業,674 保險輔助業,7151,5348,5792,6574,9308,9606,11282,11824,10700,9151,8890,8273
H.金融、保險及不動產業,67 保險業,675 再保險業,0,0,0,0,0,0,0,0,0,0,0,0
H.金融、保險及不動產業,67 保險業,679 其他保險業,195722,166316,170933,196386,258710,270189,276270,300054,285284,244830,250780,239454
H.金融、保險及不動產業,68 不動產業,681 不動產經營業,841873,682038,742936,845193,1148525,1254390,1394031,1423837,1367750,1238011,1143465,978807
H.金融、保險及不動產業,68 不動產業,682 市場及展示場管理業,1120647,972574,1134517,1319913,1590915,1715723,1921426,1939034,1797732,1677038,1503975,1336308
I.工商服務業,71 法律及會計服務業,711 法律服務業,235573,150953,223726,250379,317919,341197,352828,372710,327884,309832,272602,254079
I.工商服務業,71 法律及會計服務業,712 會計服務業,33997,31534,30904,33470,44020,49156,60636,60898,64637,53169,49431,38973
I.工商服務業,72 建築及工程技術服務業,,1301930,1026866,1330272,1358926,1652317,1761204,1843644,1946476,1676551,1633977,1523029,1418760
I.工商服務業,73 商品經紀業,,5998249,4943835,6372924,6684762,7728645,8356004,8614790,8995641,7526769,7578126,6604786,6385916
I.工商服務業,74 顧問服務業,,266948,236855,266502,279831,320522,345552,374353,397064,458237,203722,303839,295507
I.工商服務業,75 資訊服務業,,20564416,19277251,21043023,22237074,22951019,24700480,26370970,27848802,27604087,28694445,27730946,28611911
I.工商服務業,76 廣告業,,183515,149517,143829,163772,215706,232735,241719,259107,252313,225995,220771,202870
I.工商服務業,77 設計業,,89868,75465,87171,91119,111502,104924,111498,110273,112737,106680,105876,101547
I.工商服務業,78 租賃業,781 機械設備租賃業,285574,234636,291255,316946,347686,370234,398352,404692,364232,340606,315254,301474
I.工商服務業,78 租賃業,782 運輸工具設備租賃業,158428,134009,158011,160400,174810,184373,214955,223257,190329,190717,189412,173428
I.工商服務業,78 租賃業,783 物品租賃業,121302,111401,108694,111685,144820,142383,157531,166987,155915,151137,139617,130780
I.工商服務業,79 其他工商服務業,,79521291,68622082,78070799,83833923,96878411,101223283,107028493,112005670,103687282,99972234,93980881,89895174
J.社會服務及個人服務業,81 環境衛生及污染防治服務業,,36505899,32994277,37323103,38664252,41795609,38406964,39802774,41109319,41160128,45332159,41236387,41051423
J.社會服務及個人服務業,82 社會服務業,821 教育訓練服務業,192217253,152292387,222514614,253854925,327402524,327341160,259973280,263806272,290729132,318286114,260247782,236583059
J.社會服務及個人服務業,82 社會服務業,822 學術研究服務業,31367746,26946293,32627885,34907275,40607677,42277859,43899690,44466602,39916231,40724016,35555074,34136834
J.社會服務及個人服務業,82 社會服務業,823 醫療保健服務業,205262907,182191881,212943608,241027814,278406363,289485802,304911949,306380488,284460033,281659581,244927873,230757479
J.社會服務及個人服務業,82 社會服務業,824 社會福利服務業,7055633,6503343,7076929,7407253,9177342,10367495,11609662,11685271,10213824,9769350,8090456,7461707
J.社會服務及個人服務業,82 社會服務業,825 人民團體,5819453,5047560,5979727,6393144,7815112,8494889,9369394,9610564,8592465,8382571,7437149,6648512
J.社會服務及個人服務業,82 社會服務業,829 其他社會服務業,9801692,8966789,9928162,11008168,13322555,14233113,15729984,16033075,14354050,14115618,12446950,11226553
J.社會服務及個人服務業,83 出版業,831 新聞出版業,3525071,3072279,3566544,3677314,3935066,3989033,4188692,4280590,3887227,3862582,3674863,3570047
J.社會服務及個人服務業,83 出版業,832 雜誌(含期刊)出版業,919030,807529,846810,876414,1030875,1025701,1120929,1088940,1052973,1043800,980544,999300
J.社會服務及個人服務業,83 出版業,833 書籍出版業,390063,338639,350375,387534,505061,543630,624515,655239,627450,567476,535831,475328
J.社會服務及個人服務業,83 出版業,839 其他出版業,270037,212268,236597,305882,380983,474195,499069,442701,403774,386211,333511,306645
J.社會服務及個人服務業,84 電影事業,841 電影片製作業,164211,141294,153259,167392,204604,215236,227165,218144,181452,207670,176615,161435
J.社會服務及個人服務業,84 電影事業,842 電影片發行業,0,0,0,0,0,0,0,0,0,0,0,0
J.社會服務及個人服務業,84 電影事業,843 電影片放映業,3840394,3432149,3689161,4541355,5323605,5702221,6160834,6107918,5412904,5341514,4522067,4214959
J.社會服務及個人服務業,84 電影事業,844 電影工業,497820,456140,543940,603200,703260,718440,768260,753960,662900,683360,629900,613660
J.社會服務及個人服務業,85 廣播電視業,851 廣播業,3850212,3505394,3853321,3897966,4349304,4266453,4427586,4503936,4254780,4058143,4009686,3868422
J.社會服務及個人服務業,85 廣播電視業,852 電視業,8036179,6971761,7949693,8181118,9162446,9209634,9552562,9732857,9076032,8988030,8371507,8227521
J.社會服務及個人服務業,85 廣播電視業,853 廣播電視節目供應業,1812082,1549984,1797648,1832804,2059961,2121258,2298120,2336582,2220298,2063948,2018426,1960415
J.社會服務及個人服務業,86 藝文業,861 技藝表演業,364664,325360,391870,418417,537084,568484,670700,611445,552455,596952,597986,690036
J.社會服務及個人服務業,86 藝文業,862 文學及藝術業,1187984,990293,1368592,1675688,2039810,2062964,1848320,1886808,1915727,2005033,1762854,1639421
J.社會服務及個人服務業,86 藝文業,863 藝文服務業,3584215,3060850,3892347,4790780,5329568,5918558,6494157,6488817,5468262,5391267,4648197,4333028
J.社會服務及個人服務業,87 娛樂業,,45003643,40690794,44708408,49665382,60054809,63212206,70414868,72296320,64433116,63595741,56567414,51837185
J.社會服務及個人服務業,88 旅館業,,124685335,116151359,127455858,139661858,164861751,172341112,187803253,188096515,172739562,171408740,152870166,143188683
J.社會服務及個人服務業,89 個人服務業,891 汽車服務業,11986680,10282310,11462883,12255263,14753189,15335329,16597168,17215268,15989659,15410880,14115765,13060685
J.社會服務及個人服務業,89 個人服務業,892 修理服務業,1878820,1505593,1682760,1864855,2341700,2525923,2801107,2903570,2653827,2472741,2316343,2053250
J.社會服務及個人服務業,89 個人服務業,893 洗染業,2845353,2620543,2809366,2759898,3208637,3255260,3198321,3344566,3142929,3078607,3045863,3091554
J.社會服務及個人服務業,89 個人服務業,894 家事服務業,120146,109857,126604,133527,154118,152701,173507,173011,157993,150565,146002,131382
J.社會服務及個人服務業,89 個人服務業,899 其他個人服務業,18932882,16639009,18882437,19910846,24972152,25750322,28080914,29163859,27069060,25642403,24808918,21557813
K.公共行政業,91 公務機構及國防事業,911 公務機構,114424804,100415461,120524482,133270835,158720389,166980021,174746925,178544402,157718722,160664391,139730257,129678402
K.公共行政業,91 公務機構及國防事業,912 國防事業,65118094,56854231,67519509,73998948,87645115,93805176,97577031,101358187,85114602,87531411,74067095,69605582
K.公共行政業,92 國際機構及外國駐在機構,國際機構及外國駐在機構,2000533,1718706,1908936,2296359,2691635,2566586,2538970,3043975,2598245,2603852,2190408,1856487
X.其他不能歸類之行業,93 家庭用(住宅用),家庭用(住宅用),205514871,186241044,206227784,204071298,233487846,232840742,251109212,259032842,250257669,244669815,230738143,219551071
X.其他不能歸類之行業,94 其他不能歸類之行業,其他不能歸類之行業,190374539,164385458,185096488,201699481,235756787,247303723,260202466,268823996,254805444,246507194,234240044,229798853
