日期,備轉容量(萬瓩),備轉容量率(%)
2018/1/1,206.952,8.76
2018/1/2,171.972,6.18
2018/1/3,187.856,6.65
2018/1/4,195.975,6.81
2018/1/5,214.109,7.58
2018/1/6,177.941,6.83
2018/1/7,150.546,6.02
2018/1/8,126.68,4.40
2018/1/9,185.65,6.42
2018/1/10,185.91,6.54
2018/1/11,177.75,6.22
2018/1/12,174.52,6.21
2018/1/13,200.81,7.82
2018/1/14,189.14,7.66
2018/1/15,170.73,6.04
2018/1/16,141.66,5.01
2018/1/17,165.55,5.84
2018/1/18,181.69,6.25
2018/1/19,187.38,6.58
2018/1/20,192.11,7.42
2018/1/21,192.21,7.78
2018/1/22,200.36,7.09
2018/1/23,213.89,7.54
2018/1/24,176.12,6.24
2018/1/25,178.52,6.30
2018/1/26,210.1,7.63
2018/1/27,185.67,7.31
2018/1/28,219.21,8.93
2018/1/29,182.36,6.42
2018/1/30,177.09,6.19
2018/1/31,244.15,8.61
2018/2/1,219.56,7.70
2018/2/2,197.88,7.02
2018/2/3,161.53,6.13
2018/2/4,158.27,6.02
2018/2/5,147.58,5.08
2018/2/6,191.45,6.72
2018/2/7,146.27,5.06
2018/2/8,167.18,5.88
2018/2/9,200.06,7.07
2018/2/10,270.38,10.39
2018/2/11,207.67,8.19
2018/2/12,247.12,9.04
2018/2/13,198.33,7.54
2018/2/14,238.2,10.14
2018/2/15,242.2,11.54
2018/2/16,246.17,11.86
2018/2/17,269.99,13.31
2018/2/18,210.69,10.04
2018/2/19,159.46,7.22
2018/2/20,187.34,8.05
2018/2/21,160.14,6.04
2018/2/22,127.75,4.68
2018/2/23,207.61,7.66
2018/2/24,232.45,9.18
2018/2/25,227.34,9.21
2018/2/26,217.08,7.91
2018/2/27,168.06,6.04
2018/2/28,168.32,6.38
2018/3/1,183.85,6.48
2018/3/2,202.57,7.20
2018/3/3,188.42,7.23
2018/3/4,173.23,6.81
2018/3/5,102.91,3.49
2018/3/6,174.01,6.22
2018/3/7,127.74,4.49
2018/3/8,188.5,6.75
2018/3/9,191.03,6.92
2018/3/10,173.4,6.95
2018/3/11,168.95,6.97
2018/3/12,176.29,6.31
2018/3/13,191.06,6.72
2018/3/14,198.08,6.94
2018/3/15,197.42,6.82
2018/3/16,199.7,6.98
2018/3/17,179.99,6.98
2018/3/18,156.92,6.33
2018/3/19,166.01,5.70
2018/3/20,198.83,6.90
2018/3/21,192.34,6.94
2018/3/22,193.11,6.90
2018/3/23,189.74,6.86
2018/3/24,173.27,6.89
2018/3/25,171.53,6.98
2018/3/26,179.85,6.34
2018/3/27,199.71,6.98
2018/3/28,199.47,6.94
2018/3/29,179.03,6.18
2018/3/30,189.99,6.57
2018/3/31,194.05,6.97
2018/4/1,173.35,6.91
2018/4/2,189.43,6.52
2018/4/3,188.69,6.45
2018/4/4,159.57,6.11
2018/4/5,174.39,6.98
2018/4/6,170.82,6.99
2018/4/7,166.95,6.97
2018/4/8,165.45,6.92
2018/4/9,196.99,6.98
2018/4/10,199.9,6.96
2018/4/11,172.57,5.72
2018/4/12,159.91,5.22
2018/4/13,176.97,5.70
2018/4/14,180.9,6.53
2018/4/15,161.87,6.57
2018/4/16,191.83,6.76
2018/4/17,197.84,6.97
2018/4/18,187.35,6.57
2018/4/19,195.67,6.65
2018/4/20,198.98,6.77
2018/4/21,185.97,6.90
2018/4/22,162.53,6.17
2018/4/23,152.94,4.86
2018/4/24,170.83,5.49
2018/4/25,204.88,6.93
2018/4/26,206.37,6.89
2018/4/27,208.68,6.87
2018/4/28,187.54,6.99
2018/4/29,178.73,6.85
2018/4/30,207.32,6.89
2018/5/1,178.82,6.24
2018/5/2,157.96,4.88
2018/5/3,213.17,6.95
2018/5/4,209.02,6.82
2018/5/5,186.24,6.78
2018/5/6,191.88,6.97
2018/5/7,180.62,5.51
2018/5/8,215.27,6.78
2018/5/9,210.02,6.98
2018/5/10,208.77,6.92
2018/5/11,208.98,6.80
2018/5/12,190.81,6.95
2018/5/13,189,6.98
2018/5/14,199.17,6.05
2018/5/15,172.26,5.14
2018/5/16,155.45,4.54
2018/5/17,176.43,5.09
2018/5/18,177.63,5.07
2018/5/19,213.18,6.97
2018/5/20,182.82,6.17
2018/5/21,183.11,5.34
2018/5/22,187.21,5.38
2018/5/23,150.64,4.32
2018/5/24,236.02,6.92
2018/5/25,195.99,5.60
2018/5/26,212.03,6.97
2018/5/27,181.97,6.01
2018/5/28,129.1,3.59
2018/5/29,104.93,2.89
2018/5/30,123.11,3.35
2018/5/31,143.05,3.90
2018/6/1,234.65,6.99
2018/6/2,196,6.75
2018/6/3,194.84,6.84
2018/6/4,240.04,6.96
2018/6/5,226.71,6.42
2018/6/6,218.59,6.11
2018/6/7,234.82,6.58
2018/6/8,217.82,6.03
2018/6/9,191.66,6.03
2018/6/10,183.92,6.17
2018/6/11,256.91,7.89
2018/6/12,217.83,6.50
2018/6/13,211.11,6.20
2018/6/14,219.08,6.49
2018/6/15,211.58,6.69
2018/6/16,191.02,6.67
2018/6/17,189.67,6.96
2018/6/18,194.26,6.95
2018/6/19,255.04,7.95
2018/6/20,224.64,6.97
2018/6/21,217.49,6.56
2018/6/22,232.19,6.88
2018/6/23,206.75,6.85
2018/6/24,193.04,6.62
2018/6/25,228.18,6.50
2018/6/26,244.48,6.93
2018/6/27,241.48,6.88
2018/6/28,234.37,6.61
2018/6/29,242.87,6.95
2018/6/30,204.47,6.71
2018/7/1,198.62,6.85
2018/7/2,238.45,7.19
2018/7/3,221.71,6.49
2018/7/4,229.45,6.80
2018/7/5,229.71,6.93
2018/7/6,226.13,6.59
2018/7/7,208.43,6.86
2018/7/8,193.56,6.69
2018/7/9,229.2,6.56
2018/7/10,225.91,6.50
2018/7/11,214.61,6.88
2018/7/12,220.91,6.42
2018/7/13,221.67,6.34
2018/7/14,229.21,7.33
2018/7/15,298.65,10.19
2018/7/16,276.92,7.87
2018/7/17,251.35,6.94
2018/7/18,235.96,6.47
2018/7/19,234.68,6.39
2018/7/20,234.19,6.55
2018/7/21,293.14,9.36
2018/7/22,267.21,9.11
2018/7/23,294.76,8.61
2018/7/24,229.16,6.37
2018/7/25,239.86,6.68
2018/7/26,229.61,6.41
2018/7/27,244.28,6.85
2018/7/28,250.43,7.98
2018/7/29,207.25,6.77
2018/7/30,238.58,6.57
2018/7/31,235.58,6.38
2018/8/1,230.52,6.17
2018/8/2,245.68,6.80
2018/8/3,242.94,6.73
2018/8/4,308.84,9.68
2018/8/5,355.64,11.99
2018/8/6,241.28,6.69
2018/8/7,247.4,6.85
2018/8/8,249.22,6.89
2018/8/9,247.2,6.89
2018/8/10,235.6,6.54
2018/8/11,332.78,10.49
2018/8/12,257.43,8.55
2018/8/13,239.79,6.90
2018/8/14,235.2,6.75
2018/8/15,247.48,7.29
2018/8/16,227.46,6.62
2018/8/17,226.64,6.44
2018/8/18,367.58,12.22
2018/8/19,303.55,10.59
2018/8/20,237.22,6.90
2018/8/21,222.18,6.41
2018/8/22,236.48,6.80
2018/8/23,215.96,6.22
2018/8/24,384.63,12.75
2018/8/25,328.05,11.24
2018/8/26,299.82,10.67
2018/8/27,384.22,11.88
2018/8/28,406.771,12.74
2018/8/29,352.722,10.99
2018/8/30,439.784,13.79
2018/8/31,407.609,12.63
2018/9/1,420.976,14.55
2018/9/2,306.205,10.87
2018/9/3,282.762,8.36
2018/9/4,228.48,6.50
2018/9/5,227.451,6.45
2018/9/6,238.273,6.83
2018/9/7,238.049,6.90
2018/9/8,297.201,10.02
2018/9/9,371.261,13.85
2018/9/10,356.704,11.27
2018/9/11,311.074,9.35
2018/9/12,231.449,6.78
2018/9/13,238.123,6.90
2018/9/14,230.79,6.66
2018/9/15,314.7896,10.75
2018/9/16,300.93,10.40
2018/9/17,235,6.70
2018/9/18,240.38,6.80
2018/9/19,240.3,6.87
2018/9/20,225.69,6.44
2018/9/21,240.36,6.89
2018/9/22,256.87,8.49
2018/9/23,271.82,9.75
2018/9/24,336.93,12.38
2018/9/25,393.65,12.02
2018/9/26,388.52,12.16
2018/9/27,423.01,13.24
2018/9/28,405.75,12.88
2018/9/29,417.45,15.57
2018/9/30,406.63,15.94
2018/10/1,309.79,10.09
2018/10/2,311.63,10.06
2018/10/3,300,9.81
2018/10/4,328.21,10.99
2018/10/5,239.59,7.89
2018/10/6,270.46,9.98
2018/10/7,270.98,10.47
2018/10/8,297.54,9.64
2018/10/9,294.76,9.42
2018/10/10,244.27,8.86
2018/10/11,313.82,10.50
2018/10/12,375.61,12.88
2018/10/13,330.03,12.62
2018/10/14,249.95,9.73
2018/10/15,308.26,10.09
2018/10/16,239.27,7.61
2018/10/17,266.9,8.87
2018/10/18,277.37,9.22
2018/10/19,288.86,9.64
2018/10/20,314.84,12.01
2018/10/21,276.6,10.90
2018/10/22,234.83,7.77
2018/10/23,208.03,6.83
2018/10/24,225.14,7.37
2018/10/25,211.56,6.82
2018/10/26,215.19,6.94
2018/10/27,325.75,12.73
2018/10/28,311.53,12.83
2018/10/29,311.18,10.94
2018/10/30,255.72,8.80
2018/10/31,276.24,9.51
2018/11/1,253.62,8.87
2018/11/2,234.08,8.10
2018/11/3,192.5297,7.27
2018/11/4,212.8,8.38
2018/11/5,211.11,7.07
2018/11/6,212.21,6.90
2018/11/7,197.08,6.37
2018/11/8,191.32,6.09
2018/11/9,210.73,6.96
2018/11/10,189.32,7.03
2018/11/11,254.37,9.95
2018/11/12,209.03,6.98
2018/11/13,203.95,6.91
2018/11/14,200.93,6.83
2018/11/15,197.89,6.61
2018/11/16,209.44,6.99
2018/11/17,186.93,7.02
2018/11/18,180.6,7.03
2018/11/19,193.68,6.64
2018/11/20,191.99,6.46
2018/11/21,193.86,6.46
2018/11/22,251.82,8.74
2018/11/23,269.3,9.48
2018/11/24,336.58,13.57
2018/11/25,307.7,12.40
2018/11/26,191.63,6.63
2018/11/27,182.89,6.30
2018/11/28,190.34,6.57
2018/11/29,203.97,7.11
2018/11/30,218.33,7.64
2018/12/1,267.65,10.44
2018/12/2,245.22,9.82
2018/12/3,189.4,6.54
2018/12/4,185.17,6.20
2018/12/5,194.14,6.60
2018/12/6,186.57,6.21
2018/12/7,186.76,6.59
2018/12/8,265.04,10.52
2018/12/9,265.65,11.05
2018/12/10,190.99,6.67
2018/12/11,183.35,6.39
2018/12/12,193.47,6.85
2018/12/13,189.46,6.72
2018/12/14,195.39,6.93
2018/12/15,255.03,10.04
2018/12/16,214.34,8.73
2018/12/17,177.33,6.37
2018/12/18,178.38,6.35
2018/12/19,180.58,6.36
2018/12/20,179.62,6.30
2018/12/21,199.42,6.96
2018/12/22,187.3,6.89
2018/12/23,245.64,10.02
2018/12/24,233.96,8.38
2018/12/25,195.94,6.85
2018/12/26,177.96,6.25
2018/12/27,193.56,6.98
2018/12/28,206.27,7.68
2018/12/29,327.71,13.48
2018/12/30,176.22,7.55
2018/12/31,310.61,13.27
2019/1/1,255.73,10.71
2019/1/2,189.95,6.75
2019/1/3,189.16,6.65
2019/1/4,181.11,6.36
2019/1/5,190.27,7.30
2019/1/6,233.27,9.48
2019/1/7,179.93,6.31
2019/1/8,184.33,6.42
2019/1/9,195.37,6.82
2019/1/10,184.73,6.37
2019/1/11,188.34,6.54
2019/1/12,249.66,9.64
2019/1/13,239.76,9.73
2019/1/14,174.54,6.16
2019/1/15,184.41,6.38
2019/1/16,184.88,6.45
2019/1/17,193.27,6.81
2019/1/18,193.59,6.97
2019/1/19,195.39,7.38
2019/1/20,259.87,10.59
2019/1/21,191.47,6.90
2019/1/22,192.14,6.83
2019/1/23,193.88,6.96
2019/1/24,187.23,6.72
2019/1/25,190.53,6.98
2019/1/26,253.49,10.03
2019/1/27,209.16,8.57
2019/1/28,180.57,6.55
2019/1/29,183.23,6.58
2019/1/30,180.97,6.52
2019/1/31,188.96,6.95
2019/2/1,214.8,8.69
2019/2/2,224.03,9.58
2019/2/3,203.82,8.89
2019/2/4,256.29,12.68
2019/2/5,233.31,11.67
2019/2/6,232.21,11.65
2019/2/7,210.72,10.06
2019/2/8,311.45,14.43
2019/2/9,313.58,13.98
2019/2/10,302.34,13.01
2019/2/11,227.52,8.53
2019/2/12,186,6.70
2019/2/13,191.49,6.91
2019/2/14,194.35,6.88
2019/2/15,195.98,6.93
2019/2/16,242.65,9.54
2019/2/17,267.32,10.98
2019/2/18,176.18,6.15
2019/2/19,189.16,6.55
2019/2/20,183.8,6.32
2019/2/21,181.25,6.27
2019/2/22,187.01,6.58
2019/2/23,172.85,6.47
2019/2/24,177,7.17
2019/2/25,175.38,6.24
2019/2/26,181.76,6.40
2019/2/27,190.28,6.79
2019/2/28,243.02,9.54
2019/3/1,237.12,9.60
2019/3/2,183.25,7.41
2019/3/3,222.43,9.23
2019/3/4,189.45,6.84
2019/3/5,195.37,6.92
2019/3/6,192.23,6.86
2019/3/7,186.77,6.64
2019/3/8,181.61,6.50
2019/3/9,219.15,8.47
2019/3/10,182.31,7.35
2019/3/11,179.38,6.47
2019/3/12,187.92,6.73
2019/3/13,192.26,6.83
2019/3/14,177.99,6.26
2019/3/15,192.84,6.95
2019/3/16,251.85,9.95
2019/3/17,229.02,9.28
2019/3/18,175.51,6.19
2019/3/19,180.48,6.25
2019/3/20,184.37,6.22
2019/3/21,196.73,6.48
2019/3/22,234.12,7.90
2019/3/23,208.42,8.25
2019/3/24,185.93,7.49
2019/3/25,185.26,6.49
2019/3/26,188.66,6.56
2019/3/27,193.31,6.63
2019/3/28,189.2,6.29
2019/3/29,205.44,6.92
2019/3/30,215.56,8.35
2019/3/31,229.75,9.39
2019/4/1,193,6.93
2019/4/2,191.54,6.75
2019/4/3,190.48,6.69
2019/4/4,233.97,9.12
2019/4/5,187.23,7.63
2019/4/6,168.33,6.74
2019/4/7,177.8,7.04
2019/4/8,196.92,6.48
2019/4/9,196.37,6.23
2019/4/10,215.37,6.79
2019/4/11,207.87,6.81
2019/4/12,201.77,6.95
2019/4/13,176.01,6.66
2019/4/14,252.76,9.90
2019/4/15,198.62,6.91
2019/4/16,187.73,6.47
2019/4/17,204.98,6.93
2019/4/18,200.35,6.60
2019/4/19,192,6.24
2019/4/20,187.75,6.98
2019/4/21,229.8,8.74
2019/4/22,199.32,6.24
2019/4/23,202.64,6.11
2019/4/24,200.31,6.02
2019/4/25,228.97,6.91
2019/4/26,225.2,6.89
2019/4/27,199.34,7.28
2019/4/28,174,6.46
2019/4/29,221.1,6.73
2019/4/30,221.06,6.68
2019/5/1,309.34,11.53
2019/5/2,268.29,9.35
2019/5/3,331.61,11.71
2019/5/4,311.92,12.08
2019/5/5,225.54,8.90
2019/5/6,240.42,8.40
2019/5/7,260.9,9.16
2019/5/8,213.96,7.39
2019/5/9,221.23,7.57
2019/5/10,260.83,8.82
2019/5/11,283.7,10.67
2019/5/12,270.87,10.23
2019/5/13,231.13,7.19
2019/5/14,213.07,6.43
2019/5/15,225.31,6.85
2019/5/16,243.18,7.30
2019/5/17,254.63,7.88
2019/5/18,259.12,8.78
2019/5/19,212.68,7.34
2019/5/20,334.73,10.39
2019/5/21,388.73,12.97
2019/5/22,455.44,15.11
2019/5/23,471.15,15.48
2019/5/24,357.48,11.33
2019/5/25,398.44,14.33
2019/5/26,378.83,13.58
2019/5/27,270.59,8.32
2019/5/28,316.93,9.83
2019/5/29,590.49,19.48
2019/5/30,436.7,13.60
2019/5/31,451.45,13.69
2019/6/1,404.26,14.01
2019/6/2,363.22,12.59
2019/6/3,454.02,13.78
2019/6/4,454.6,14.03
2019/6/5,402.9,11.88
2019/6/6,378.46,10.85
2019/6/7,470.26,15.64
2019/6/8,330.99,11.20
2019/6/9,408.26,13.88
2019/6/10,414.72,12.43
2019/6/11,421.57,13.12
2019/6/12,541.81,17.42
2019/6/13,359.3,11.34
2019/6/14,489.54,15.85
2019/6/15,543.52,19.63
2019/6/16,496.2,17.93
2019/6/17,376.49,11.17
2019/6/18,325.68,9.38
2019/6/19,365.73,10.27
2019/6/20,370.28,10.30
2019/6/21,408.02,11.36
2019/6/22,418.99,13.55
2019/6/23,474.39,16.76
2019/6/24,541.66,17.09
2019/6/25,351.4,10.56
2019/6/26,411.23,12.53
2019/6/27,417.52,12.48
2019/6/28,356.75,10.20
2019/6/29,360.18,11.79
2019/6/30,343.89,11.43
2019/7/1,363.43,10.32
2019/7/2,488.34,13.93
2019/7/3,475.29,14.00
2019/7/4,489.46,14.33
2019/7/5,571.37,16.88
2019/7/6,443.52,14.78
2019/7/7,431.32,14.39
2019/7/8,445.48,12.67
2019/7/9,416.6,11.94
2019/7/10,389.69,11.05
2019/7/11,415.46,12.02
2019/7/12,433.22,12.16
2019/7/13,513.82,16.39
2019/7/14,325.7,10.53
2019/7/15,363.68,10.03
2019/7/16,322.39,8.73
2019/7/17,376.95,10.08
2019/7/18,407.96,11.36
2019/7/19,451.04,12.71
2019/7/20,621.81,20.31
2019/7/21,538.94,18.20
2019/7/22,575.86,16.70
2019/7/23,476.6,13.62
2019/7/24,503.75,14.16
2019/7/25,463.61,12.89
2019/7/26,389.74,10.67
2019/7/27,534.61,17.13
2019/7/28,571.38,19.27
2019/7/29,492.38,13.85
2019/7/30,406.67,11.10
2019/7/31,372.88,10.13
2019/8/1,404.21,11.08
2019/8/2,503.56,14.08
2019/8/3,587.45,18.92
2019/8/4,381.72,12.18
2019/8/5,392.77,10.70
2019/8/6,477.11,13.11
2019/8/7,471.88,13.08
2019/8/8,431.69,11.88
2019/8/9,697.72,22.70
2019/8/10,457.08,14.52
2019/8/11,418.71,13.48
2019/8/12,579.31,16.80
2019/8/13,475.21,14.02
2019/8/14,406.43,11.26
2019/8/15,635.47,18.54
2019/8/16,604.86,17.59
2019/8/17,665.48,21.87
2019/8/18,614.31,21.47
2019/8/19,637.6,19.35
2019/8/20,626.93,18.81
2019/8/21,643,19.17
2019/8/22,482.44,13.79
2019/8/23,486.8,13.85
2019/8/24,697.29,24.05
2019/8/25,546.17,18.84
2019/8/26,535.34,15.27
2019/8/27,469.2,13.18
2019/8/28,409.39,11.21
2019/8/29,405.6,11.15
2019/8/30,561.53,16.22
2019/8/31,476.7096,15.56
2019/9/1,498.2,16.81
2019/9/2,460.57,13.02
2019/9/3,458.18,12.92
2019/9/4,541.95,16.07
2019/9/5,587.61,17.66
2019/9/6,508.46,14.87
2019/9/7,489.43,16.27
2019/9/8,419.2,14.43
2019/9/9,496.09,14.44
2019/9/10,414.83,11.97
2019/9/11,457.52,12.95
2019/9/12,462.55,13.12
2019/9/13,482.41,16.42
2019/9/14,439.48,15.33
2019/9/15,538.69,19.11
2019/9/16,602.5,18.13
2019/9/17,597.52,18.13
2019/9/18,604.16,18.63
2019/9/19,689.33,21.88
2019/9/20,634.56,20.74
2019/9/21,561.21,21.21
2019/9/22,542.07,20.98
2019/9/23,661.98,22.10
2019/9/24,661.61,21.98
2019/9/25,567.92,18.49
2019/9/26,565.9,18.16
2019/9/27,624.38,19.98
2019/9/28,485.22,17.23
2019/9/29,431.48,15.45
2019/9/30,765.68,26.86
2019/10/1,453.15,14.20
2019/10/2,407.66,12.24
2019/10/3,380.73,11.30
2019/10/4,442.05,13.13
2019/10/5,456.11,14.06
2019/10/6,378.92,13.52
2019/10/7,370.21,11.26
2019/10/8,435.11,13.21
2019/10/9,470.07,14.53
2019/10/10,440.55,15.84
2019/10/11,448.97,16.52
2019/10/12,474.19,17.59
2019/10/13,543.22,20.60
2019/10/14,509.12,16.48
2019/10/15,508.5,16.66
2019/10/16,398.43,13.14
2019/10/17,458.21,15.18
2019/10/18,481,15.94
2019/10/19,478.76,18.11
2019/10/20,442.01,17.52
2019/10/21,427.37,14.63
2019/10/22,380.3,12.66
2019/10/23,377.89,12.48
2019/10/24,382.9,12.62
2019/10/25,411.98,13.67
2019/10/26,310.15,11.70
2019/10/27,276.21,10.74
2019/10/28,405.24,13.42
2019/10/29,461.62,15.58
2019/10/30,366.57,12.34
2019/10/31,363.87,12.10
2019/11/1,393.06,12.96
2019/11/2,337.82,12.65
2019/11/3,342.04,13.29
2019/11/4,345.53,11.84
2019/11/5,376.87,12.89
2019/11/6,334.34,11.36
2019/11/7,375.18,12.67
2019/11/8,474.02,16.40
2019/11/9,370.94,14.32
2019/11/10,303.29,12.27
2019/11/11,360.7,12.60
2019/11/12,359.19,12.26
2019/11/13,329.98,11.24
2019/11/14,382.26,13.20
2019/11/15,315.06,10.95
2019/11/16,319.97,12.27
2019/11/17,258.97,10.21
2019/11/18,303.7,10.36
2019/11/19,333.75,11.61
2019/11/20,334.66,11.57
2019/11/21,299.58,10.15
2019/11/22,296.92,10.06
2019/11/23,269.44,10.06
2019/11/24,319.01,12.47
2019/11/25,296.85,10.12
2019/11/26,331.15,11.31
2019/11/27,356.51,12.16
2019/11/28,341.83,11.95
2019/11/29,339.1999,11.91
2019/11/30,300.32,11.62
2019/12/1,342.49,13.79
2019/12/2,346.18,12.39
2019/12/3,315,11.19
2019/12/4,305.28,10.72
2019/12/5,302.26,10.53
2019/12/6,341.43,11.95
2019/12/7,290.06,11.23
2019/12/8,295.55,11.94
2019/12/9,320.45,11.36
2019/12/10,314.62,11.06
2019/12/11,320.23,11.28
2019/12/12,299.74,10.55
2019/12/13,315.35,11.12
2019/12/14,303.5,11.82
2019/12/15,281.24,11.38
2019/12/16,303.88,10.53
2019/12/17,318.9,10.91
2019/12/18,325.48,11.19
2019/12/19,310.71,10.73
2019/12/20,314.6,11.01
2019/12/21,281.57,10.69
2019/12/22,274.72,10.94
2019/12/23,332.94,11.57
2019/12/24,328.34,11.32
2019/12/25,360.63,12.45
2019/12/26,326.23,11.27
2019/12/27,320.59,11.50
2019/12/28,315.21,12.43
2019/12/29,289.98,11.60
2019/12/30,314.29,11.23
2019/12/31,310.74,11.36
2020/1/1,279,11.01
2020/1/2,308.04,10.91
2020/1/3,338.31,11.96
2020/1/4,363.62,14.21
2020/1/5,269.47,10.88
2020/1/6,300.93,10.51
2020/1/7,310.39,10.65
2020/1/8,323.54,11.33
2020/1/9,313.13,10.90
2020/1/10,329.82,11.58
2020/1/11,385.1,15.20
2020/1/12,309.08,12.44
2020/1/13,315.68,11.02
2020/1/14,341.22,11.85
2020/1/15,338.64,11.91
2020/1/16,300.52,10.47
2020/1/17,339.93,12.06
2020/1/18,315.94,12.12
2020/1/19,333.45,13.17
2020/1/20,318.31,11.38
2020/1/21,325.9,11.84
2020/1/22,388.67,15.10
2020/1/23,334.43,14.21
2020/1/24,348.29,16.17
2020/1/25,355.15,16.89
2020/1/26,353.06,16.67
2020/1/27,370.4,17.06
2020/1/28,365.31,16.01
2020/1/29,330.37,13.77
2020/1/30,299.15,11.36
2020/1/31,336.15,12.58
2020/2/1,389.07,15.43
2020/2/2,324.73,13.09
2020/2/3,408.83,14.62
2020/2/4,330.16,11.61
2020/2/5,364.26,12.83
2020/2/6,334.69,11.75
2020/2/7,376.72,13.32
2020/2/8,366.02,14.28
2020/2/9,308.44,12.26
2020/2/10,314.55,11.12
2020/2/11,321.86,11.23
2020/2/12,334.79,11.73
2020/2/13,324.62,11.16
2020/2/14,312.34,10.70
2020/2/15,299.59,10.79
2020/2/16,398.49,15.90
2020/2/17,374.36,13.23
2020/2/18,424.92,14.95
2020/2/19,356.36,12.56
2020/2/20,313.15,10.94
2020/2/21,313.79,11.00
2020/2/22,367.46,14.11
2020/2/23,373.96,14.92
2020/2/24,301.05,10.44
2020/2/25,312.42,10.70
2020/2/26,316.67,10.75
2020/2/27,425.33,14.99
2020/2/28,328.62,12.47
2020/2/29,280.63,10.93
2020/3/1,332.04,13.29
2020/3/2,329.54,11.54
2020/3/3,310.61,10.64
2020/3/4,375.82,13.02
2020/3/5,351.78,12.30
2020/3/6,317.86,11.13
2020/3/7,371.19,14.18
2020/3/8,337.85,13.22
2020/3/9,320.87,10.82
2020/3/10,393.066,13.75
2020/3/11,325.48,11.41
2020/3/12,300.17,10.23
2020/3/13,309.81,10.62
2020/3/14,382.57,14.83
2020/3/15,349.23,14.06
2020/3/16,482.01,17.22
2020/3/17,414.36,14.41
2020/3/18,415.31,14.26
2020/3/19,308.55,10.50
2020/3/20,369.99,12.74
2020/3/21,301.99,11.34
2020/3/22,308.6,11.83
2020/3/23,377.12,12.84
2020/3/24,412.53,14.00
2020/3/25,357.67,11.91
2020/3/26,318.73,10.33
2020/3/27,326.44,10.44
2020/3/28,406.61,15.70
2020/3/29,348.99,13.88
2020/3/30,350.82,12.22
2020/3/31,332.16,11.39
2020/4/1,409.47,14.48
2020/4/2,410.81,16.15
2020/4/3,374.89,14.92
2020/4/4,441.42,18.21
2020/4/5,424.93,17.45
2020/4/6,405.43,14.35
2020/4/7,403.71,14.36
2020/4/8,336.37,11.91
2020/4/9,367.81,13.00
2020/4/10,465.03,16.33
2020/4/11,317.88,12.34
2020/4/12,280.91,11.42
2020/4/13,332.76,12.05
2020/4/14,356.29,12.78
2020/4/15,349.68,12.41
2020/4/16,314.4,11.02
2020/4/17,360.89,12.45
2020/4/18,348.86,13.09
2020/4/19,302.74,11.42
2020/4/20,409.11,13.64
2020/4/21,437.57,14.59
2020/4/22,403.06,14.10
2020/4/23,394.82,14.08
2020/4/24,394.77,14.26
2020/4/25,316.64,12.34
2020/4/26,312.02,12.43
2020/4/27,381.05,13.27
2020/4/28,468.71,16.19
2020/4/29,334.57,11.33
2020/4/30,486.44,16.43
2020/5/1,351.2,13.11
2020/5/2,341.37,12.90
2020/5/3,296.66,11.06
2020/5/4,347.55,10.75
2020/5/5,339.96,10.20
2020/5/6,342.63,10.39
2020/5/7,373.546,11.49
2020/5/8,341.3975,10.10
2020/5/9,382.3605,12.87
2020/5/10,301.495,10.25
2020/5/11,335.037,10.09
2020/5/12,376.5592,11.78
2020/5/13,419.889,13.01
2020/5/14,338.194,10.11
2020/5/15,362.19,10.72
2020/5/16,394.6768,13.14
2020/5/17,424.0758,14.78
2020/5/18,408.535,12.45
2020/5/19,462.578,14.76
2020/5/20,495.056,15.71
2020/5/21,398.306,12.62
2020/5/22,367.513,11.90
2020/5/23,406.092,15.10
2020/5/24,428.877,15.94
2020/5/25,394.207,12.15
2020/5/26,356.2955,10.83
2020/5/27,493.228,15.69
2020/5/28,526.111,16.69
2020/5/29,409.867,12.59
2020/5/30,418.6245,14.68
2020/5/31,342.975,11.92
2020/6/1,363.2785,10.79
2020/6/2,407.0865,11.84
2020/6/3,416.255,12.07
2020/6/4,375.382,10.75
2020/6/5,368.27,10.56
2020/6/6,423.97,13.79
2020/6/7,453.55,16.13
2020/6/8,457.981,14.15
2020/6/9,451.54,13.95
2020/6/10,436.729,12.93
2020/6/11,398.543,11.65
2020/6/12,358.6405,10.24
2020/6/13,376.4505,11.93
2020/6/14,457.217,15.33
2020/6/15,503.327,14.34
2020/6/16,402.188,11.27
2020/6/17,397.5316,10.99
2020/6/18,419.15,11.65
2020/6/19,386.13,10.63
2020/6/20,367.529,10.41
2020/6/21,348.372,11.02
2020/6/22,384.98,10.51
2020/6/23,376.78,10.23
2020/6/24,408.6575,10.99
2020/6/25,337.8685,10.61
2020/6/26,390.757,12.87
2020/6/27,361.969,11.88
2020/6/28,341.221,10.97
2020/6/29,401.363,11.04
2020/6/30,464.647,12.67
2020/7/1,402.9545,11.09
2020/7/2,445.7685,12.44
2020/7/3,413.0985,11.54
2020/7/4,428.7365,13.43
2020/7/5,347.5135,11.13
2020/7/6,501.5645,13.98
2020/7/7,460.9995,12.69
2020/7/8,431.546,11.63
2020/7/9,436.67,11.90
2020/7/10,437.9,11.89
2020/7/11,367.1727,11.15
2020/7/12,351.814,10.92
2020/7/13,397.368,10.59
2020/7/14,392.383,10.38
2020/7/15,420.979,11.45
2020/7/16,508.453,14.16
2020/7/17,425.6245,11.54
2020/7/18,432.109,13.02
2020/7/19,412.8645,12.97
2020/7/20,426.8325,11.38
2020/7/21,513.3405,13.94
2020/7/22,426.617,11.42
2020/7/23,384.7835,10.12
2020/7/24,412.8885,10.99
2020/7/25,469.7035,14.30
2020/7/26,471.789,15.44
2020/7/27,456.52,12.42
2020/7/28,453.072,12.47
2020/7/29,484.414,13.33
2020/7/30,546.0255,15.34
2020/7/31,413.8555,11.40
2020/8/1,412.085,12.61
2020/8/2,380.996,12.39
2020/8/3,489.765,14.53
2020/8/4,435.342,12.79
2020/8/5,438.69,12.40
2020/8/6,385.311,10.53
2020/8/7,385.945,10.52
2020/8/8,387.151,11.96
2020/8/9,318.716,10.23
2020/8/10,372.601,10.23
2020/8/11,438.377,12.47
2020/8/12,427.018,11.69
2020/8/13,465.107,12.81
2020/8/14,502.177,13.97
2020/8/15,494.113,15.83
2020/8/16,462.238,15.55
2020/8/17,458.469,12.90
2020/8/18,423.593,11.68
2020/8/19,386.92,10.46
2020/8/20,438.394,11.91
2020/8/21,386.229,10.49
2020/8/22,339.815,10.97
2020/8/23,329.664,10.90
2020/8/24,369.43,10.13
2020/8/25,381.261,10.28
2020/8/26,379.598,10.60
2020/8/27,454.461,12.94
2020/8/28,427.246,12.16
2020/8/29,417.35,13.40
2020/8/30,408.556,13.32
2020/8/31,471.878,13.41
2020/9/1,447.835,12.64
2020/9/2,386.854,10.60
2020/9/3,481.0856,13.56
2020/9/4,487.0056,13.54
2020/9/5,392.255,12.75
2020/9/6,387.334,13.87
2020/9/7,436.254,12.85
2020/9/8,415.467,11.83
2020/9/9,417.66,11.81
2020/9/10,425.5,12.01
2020/9/11,408.439,11.47
2020/9/12,338.325,10.81
2020/9/13,302.47,10.07
2020/9/14,371.838,10.43
2020/9/15,372.504,10.26
2020/9/16,373.328,10.22
2020/9/17,372.432,10.11
2020/9/18,372.908,10.11
2020/9/19,331.691,10.21
2020/9/20,388.544,13.16
2020/9/21,456.215,13.26
2020/9/22,512.551,14.97
2020/9/23,477.234,13.76
2020/9/24,543.444,16.21
2020/9/25,527.442,16.48
2020/9/26,454.687,14.62
2020/9/27,448.87,16.74
2020/9/28,455.469,14.64
2020/9/29,425.969,13.42
2020/9/30,528.445,17.20
2020/10/1,464.518,17.60
2020/10/2,346.025,12.78
2020/10/3,341.759,12.41
2020/10/4,359.141,12.70
2020/10/5,453.879,13.96
2020/10/6,423.925,13.29
2020/10/7,410.003,13.10
2020/10/8,471.783,15.31
2020/10/9,430.975,15.68
2020/10/10,329.551,12.03
2020/10/11,308.783,11.26
2020/10/12,336.098,10.17
2020/10/13,346.525,10.38
2020/10/14,399.187,12.17
2020/10/15,392.584,12.01
2020/10/16,380.0655,11.56
2020/10/17,408.7365,14.59
2020/10/18,394.571,14.85
2020/10/19,450.455,14.51
2020/10/20,424.397,13.42
2020/10/21,330.95,10.22
2020/10/22,434.173,13.92
2020/10/23,400.245,13.48
2020/10/24,389.218,14.53
2020/10/25,402.4975,15.41
2020/10/26,350.261,11.27
2020/10/27,340.136,10.74
2020/10/28,346.942,10.86
2020/10/29,370.7805,11.86
2020/10/30,421.5345,13.93
2020/10/31,371.9285,13.90
2020/11/1,356.8735,13.66
2020/11/2,352.3575,11.58
2020/11/3,318.8985,10.64
2020/11/4,355.1525,11.92
2020/11/5,331.897,10.94
2020/11/6,326.2858,10.26
2020/11/7,319.8778,11.34
2020/11/8,392.78,15.33
2020/11/9,408.017,13.89
2020/11/10,359.003,12.04
2020/11/11,370.796,12.52
2020/11/12,319.091,10.50
2020/11/13,337.243,11.17
2020/11/14,336.368,12.39
2020/11/15,346.263,13.27
2020/11/16,314.699,10.16
2020/11/17,320.216,10.20
2020/11/18,336.104,10.56
2020/11/19,331.395,10.33
2020/11/20,364.299,11.38
2020/11/21,292.83,10.21
2020/11/22,276.4731,10.28
2020/11/23,314.4561,10.20
2020/11/24,313.396,10.13
2020/11/25,330.61,10.50
2020/11/26,314.443,10.01
2020/11/27,349.495,11.58
2020/11/28,297.69,11.09
2020/11/29,328.719,13.02
2020/11/30,331.984,11.40
2020/12/1,323.746,10.95
2020/12/2,304.921,10.32
2020/12/3,316.7961,10.81
2020/12/4,308.4351,10.50
2020/12/5,361.863,13.58
2020/12/6,269.048,10.51
2020/12/7,310.591,10.45
2020/12/8,316.4,10.59
2020/12/9,309.406,10.27
2020/12/10,308.616,10.22
2020/12/11,312.9,10.46
2020/12/12,328.289,12.31
2020/12/13,282.987,11.12
2020/12/14,302.124,10.20
2020/12/15,301.1991,10.14
2020/12/16,302.059,10.14
2020/12/17,300.027,10.04
2020/12/18,304.72,10.22
2020/12/19,304.668,11.39
2020/12/20,371.633,14.48
2020/12/21,307.26,10.36
2020/12/22,319.884,10.70
2020/12/23,307.631,10.15
2020/12/24,354.4739,11.87
2020/12/25,341.797,11.67
2020/12/26,306.595,11.47
2020/12/27,286.8795,11.04
2020/12/28,313.4859,10.63
2020/12/29,309.326,10.30
2020/12/30,311.759,10.72
2020/12/31,315.3776,11.09
